policy_id,lob_key,region_key,effective_date,written_premium,is_renewal,expiration_date
P000001,LOB01,R01,2023-03-07,3197.11,false,2024-03-06
P000002,LOB03,R03,2024-07-18,19502.28,false,2025-07-17
P000003,LOB04,R03,2024-04-22,20123.33,false,2025-04-21
P000004,LOB04,R03,2023-11-17,7445.61,false,2024-11-16
P000005,LOB01,R03,2023-11-13,13531.36,true,2024-11-12
P000006,LOB01,R01,2024-09-18,8688.37,true,2025-09-17
P000007,LOB04,R02,2023-03-04,11443.13,false,2024-03-03
P000008,LOB04,R02,2024-05-24,4972.33,true,2025-05-23
P000009,LOB02,R04,2023-05-28,14378.59,false,2024-05-27
P000010,LOB03,R03,2023-03-10,3697.04,false,2024-03-09
P000011,LOB02,R03,2024-01-20,3301.2,true,2025-01-19
P000012,LOB02,R03,2024-12-13,9198.94,true,2025-12-12
P000013,LOB01,R02,2024-06-21,8718.95,true,2025-06-20
P000014,LOB01,R04,2024-07-09,11653.72,true,2025-07-08
P000015,LOB01,R03,2024-06-07,6702.9,false,2025-06-06
P000016,LOB04,R04,2024-07-27,30681.5,false,2025-07-26
P000017,LOB01,R03,2024-01-10,10898.31,true,2025-01-09
P000018,LOB01,R03,2023-04-04,11381.32,false,2024-04-03
P000019,LOB02,R01,2024-09-05,11140.48,true,2025-09-04
P000020,LOB01,R03,2023-11-25,18065.26,false,2024-11-24
P000021,LOB01,R01,2024-01-01,13983.18,false,2024-12-31
P000022,LOB02,R03,2023-09-28,12902.94,true,2024-09-27
P000023,LOB02,R03,2023-05-14,15391.8,false,2024-05-13
P000024,LOB03,R03,2024-11-07,3311.75,false,2025-11-06
P000025,LOB04,R02,2024-07-24,3387.65,true,2025-07-23
P000026,LOB01,R01,2024-04-15,9455.62,true,2025-04-14
P000027,LOB04,R03,2023-10-21,8790.23,false,2024-10-20
P000028,LOB04,R03,2024-08-23,14015.03,true,2025-08-22
P000029,LOB04,R02,2024-02-03,10016.71,true,2025-02-02
P000030,LOB03,R03,2023-11-20,14032.33,true,2024-11-19
P000031,LOB03,R04,2023-11-25,4687.44,false,2024-11-24
P000032,LOB03,R03,2023-06-15,9833.53,true,2024-06-14
P000033,LOB03,R01,2023-03-09,4426.51,false,2024-03-08
P000034,LOB01,R04,2024-02-09,12482.9,true,2025-02-08
P000035,LOB04,R02,2024-10-10,3206.8,true,2025-10-09
P000036,LOB02,R03,2023-02-16,12197.5,false,2024-02-15
P000037,LOB03,R04,2024-09-18,4099.42,true,2025-09-17
P000038,LOB02,R02,2024-08-27,7862.68,false,2025-08-26
P000039,LOB01,R03,2023-07-22,16931.93,true,2024-07-21
P000040,LOB02,R01,2024-04-06,11343.82,false,2025-04-05
P000041,LOB02,R04,2023-05-01,3687.13,true,2024-04-30
P000042,LOB02,R01,2024-07-07,6611.49,false,2025-07-06
P000043,LOB02,R03,2024-05-26,4020.55,true,2025-05-25
P000044,LOB01,R02,2023-09-16,3580.1,false,2024-09-15
P000045,LOB02,R01,2023-02-19,10621.1,true,2024-02-18
P000046,LOB02,R02,2024-12-09,13851.92,true,2025-12-08
P000047,LOB04,R04,2023-11-22,12892.02,false,2024-11-21
P000048,LOB01,R01,2024-10-13,14208.22,true,2025-10-12
P000049,LOB02,R02,2024-05-09,9826.65,false,2025-05-08
P000050,LOB01,R01,2024-07-22,8399.82,false,2025-07-21
P000051,LOB02,R01,2024-07-08,5198.67,false,2025-07-07
P000052,LOB02,R01,2023-05-23,7600.37,false,2024-05-22
P000053,LOB03,R03,2023-09-23,4479.16,false,2024-09-22
P000054,LOB04,R04,2023-12-07,5960.45,false,2024-12-06
P000055,LOB01,R03,2023-12-30,10439.54,true,2024-12-29
P000056,LOB03,R04,2023-02-01,9221.72,false,2024-01-31
P000057,LOB01,R03,2024-02-03,62245.21,true,2025-02-02
P000058,LOB01,R02,2023-04-23,4413.94,true,2024-04-22
P000059,LOB02,R04,2024-06-26,9181.45,true,2025-06-25
P000060,LOB01,R01,2024-05-13,4212.29,true,2025-05-12
P000061,LOB03,R03,2024-11-04,7842.62,true,2025-11-03
P000062,LOB03,R01,2024-06-27,8036.46,true,2025-06-26
P000063,LOB03,R04,2023-09-25,16431.05,false,2024-09-24
P000064,LOB02,R01,2024-12-07,7556.78,false,2025-12-06
P000065,LOB03,R01,2023-10-27,8823.8,false,2024-10-26
P000066,LOB02,R02,2023-08-26,7645.02,true,2024-08-25
P000067,LOB01,R03,2024-10-23,4270.0,true,2025-10-22
P000068,LOB01,R01,2023-09-28,6692.47,false,2024-09-27
P000069,LOB03,R02,2023-02-25,7870.19,true,2024-02-24
P000070,LOB04,R02,2023-12-09,10345.38,true,2024-12-08
P000071,LOB01,R03,2024-08-03,13840.69,false,2025-08-02
P000072,LOB02,R04,2023-05-19,8597.63,false,2024-05-18
P000073,LOB03,R03,2023-12-04,8507.42,true,2024-12-03
P000074,LOB04,R03,2023-04-05,3524.56,false,2024-04-04
P000075,LOB02,R02,2024-05-16,13682.06,false,2025-05-15
P000076,LOB03,R04,2023-12-14,6518.9,false,2024-12-13
P000077,LOB03,R01,2023-08-30,15495.02,true,2024-08-29
P000078,LOB04,R01,2023-06-15,21804.33,false,2024-06-14
P000079,LOB01,R01,2024-02-17,8841.85,false,2025-02-16
P000080,LOB04,R02,2024-05-03,5356.22,true,2025-05-02
P000081,LOB01,R02,2024-11-17,9798.46,false,2025-11-16
P000082,LOB04,R04,2023-11-16,12200.37,false,2024-11-15
P000083,LOB01,R03,2023-04-28,8190.15,true,2024-04-27
P000084,LOB01,R02,2024-08-30,7055.6,false,2025-08-29
P000085,LOB01,R01,2024-04-04,13878.82,true,2025-04-03
P000086,LOB02,R03,2024-05-26,13340.33,false,2025-05-25
P000087,LOB02,R02,2023-03-12,8040.34,true,2024-03-11
P000088,LOB01,R04,2023-08-17,3668.58,false,2024-08-16
P000089,LOB02,R02,2024-07-14,13014.6,true,2025-07-13
P000090,LOB02,R03,2024-08-30,6245.42,false,2025-08-29
P000091,LOB03,R04,2023-11-14,11255.42,false,2024-11-13
P000092,LOB04,R02,2024-08-10,10836.71,false,2025-08-09
P000093,LOB03,R02,2024-09-06,3186.35,false,2025-09-05
P000094,LOB01,R03,2023-10-10,10390.52,true,2024-10-09
P000095,LOB01,R02,2024-10-17,13476.73,true,2025-10-16
P000096,LOB04,R01,2023-07-30,14505.62,false,2024-07-29
P000097,LOB01,R02,2023-06-24,10619.21,true,2024-06-23
P000098,LOB02,R01,2024-05-13,3022.04,false,2025-05-12
P000099,LOB04,R03,2024-04-09,21295.45,false,2025-04-08
P000100,LOB04,R01,2023-04-13,12665.2,false,2024-04-12
P000101,LOB02,R02,2024-08-30,4807.87,true,2025-08-29
P000102,LOB03,R04,2023-05-26,6169.31,false,2024-05-25
P000103,LOB02,R03,2024-08-10,11370.01,true,2025-08-09
P000104,LOB03,R03,2023-01-06,14881.45,false,2024-01-05
P000105,LOB01,R03,2024-08-04,7385.12,false,2025-08-03
P000106,LOB01,R02,2024-07-28,16241.34,false,2025-07-27
P000107,LOB03,R03,2024-07-23,3375.64,false,2025-07-22
P000108,LOB01,R01,2024-04-30,5295.03,true,2025-04-29
P000109,LOB03,R03,2023-12-11,2868.03,false,2024-12-10
P000110,LOB02,R03,2024-05-29,5776.52,false,2025-05-28
P000111,LOB04,R04,2023-07-22,24461.27,true,2024-07-21
P000112,LOB04,R04,2024-07-23,34019.23,false,2025-07-22
P000113,LOB02,R01,2024-02-10,11393.0,false,2025-02-09
P000114,LOB03,R02,2023-12-02,6747.6,false,2024-12-01
P000115,LOB01,R03,2024-01-05,8664.73,false,2025-01-04
P000116,LOB02,R02,2024-02-20,13147.72,true,2025-02-19
P000117,LOB01,R03,2023-01-28,3874.65,false,2024-01-27
P000118,LOB04,R04,2023-04-13,7019.87,true,2024-04-12
P000119,LOB04,R02,2023-06-29,23410.4,false,2024-06-28
P000120,LOB04,R04,2023-03-25,5284.71,true,2024-03-24
P000121,LOB04,R04,2023-11-17,6314.38,false,2024-11-16
P000122,LOB04,R04,2024-05-02,9975.79,true,2025-05-01
P000123,LOB01,R01,2024-04-22,11729.77,true,2025-04-21
P000124,LOB04,R02,2023-12-10,6802.17,true,2024-12-09
P000125,LOB02,R01,2024-09-16,10364.88,false,2025-09-15
P000126,LOB02,R01,2024-02-17,14253.58,true,2025-02-16
P000127,LOB02,R01,2023-02-27,32108.34,true,2024-02-26
P000128,LOB02,R02,2024-07-12,9175.14,true,2025-07-11
P000129,LOB01,R01,2024-02-24,9654.91,true,2025-02-23
P000130,LOB01,R02,2024-04-08,24747.29,false,2025-04-07
P000131,LOB01,R04,2024-02-17,7118.84,false,2025-02-16
P000132,LOB02,R04,2024-02-09,4471.09,true,2025-02-08
P000133,LOB04,R04,2023-03-08,11500.54,true,2024-03-07
P000134,LOB03,R01,2024-02-13,18877.1,true,2025-02-12
P000135,LOB02,R03,2024-08-03,12291.07,true,2025-08-02
P000136,LOB02,R03,2023-08-10,9337.47,true,2024-08-09
P000137,LOB02,R01,2024-03-16,4150.42,true,2025-03-15
P000138,LOB01,R04,2023-01-23,9556.52,true,2024-01-22
P000139,LOB04,R02,2023-09-11,20741.52,true,2024-09-10
P000140,LOB01,R04,2023-11-15,4719.84,false,2024-11-14
P000141,LOB03,R01,2024-12-18,8545.43,true,2025-12-17
P000142,LOB03,R03,2023-06-06,7844.04,false,2024-06-05
P000143,LOB02,R01,2023-07-21,6511.84,false,2024-07-20
P000144,LOB04,R04,2023-10-26,11484.5,false,2024-10-25
P000145,LOB01,R03,2024-12-25,12912.91,true,2025-12-24
P000146,LOB04,R01,2024-09-14,12831.98,false,2025-09-13
P000147,LOB03,R01,2023-01-26,5507.76,false,2024-01-25
P000148,LOB03,R02,2023-06-20,3686.42,false,2024-06-19
P000149,LOB03,R01,2024-08-22,11584.61,false,2025-08-21
P000150,LOB04,R01,2023-02-12,7305.98,true,2024-02-11
P000151,LOB04,R04,2024-09-16,29821.58,false,2025-09-15
P000152,LOB02,R04,2023-07-25,30659.74,false,2024-07-24
P000153,LOB04,R03,2024-10-31,32676.58,true,2025-10-30
P000154,LOB03,R04,2023-08-03,5630.39,true,2024-08-02
P000155,LOB02,R03,2023-11-14,13927.51,false,2024-11-13
P000156,LOB04,R01,2024-04-28,16690.11,true,2025-04-27
P000157,LOB02,R03,2023-04-03,15599.79,false,2024-04-02
P000158,LOB02,R01,2024-02-11,8001.32,true,2025-02-10
P000159,LOB01,R04,2024-01-04,21322.09,false,2025-01-03
P000160,LOB01,R02,2024-07-26,9899.95,true,2025-07-25
P000161,LOB04,R01,2024-12-28,10687.86,false,2025-12-27
P000162,LOB02,R02,2024-04-29,3933.56,false,2025-04-28
P000163,LOB02,R03,2023-10-26,14572.03,false,2024-10-25
P000164,LOB01,R04,2023-10-24,8465.49,true,2024-10-23
P000165,LOB02,R03,2023-11-02,13080.36,true,2024-11-01
P000166,LOB04,R01,2024-08-17,11396.58,true,2025-08-16
P000167,LOB04,R04,2023-08-23,11032.07,true,2024-08-22
P000168,LOB01,R04,2023-05-02,9629.36,false,2024-05-01
P000169,LOB02,R02,2023-09-02,15866.41,true,2024-09-01
P000170,LOB02,R03,2023-01-17,8783.8,true,2024-01-16
P000171,LOB03,R04,2023-03-19,4133.51,false,2024-03-18
P000172,LOB02,R02,2023-03-07,13924.06,true,2024-03-06
P000173,LOB02,R01,2024-07-17,6091.18,true,2025-07-16
P000174,LOB02,R01,2024-06-11,4471.34,false,2025-06-10
P000175,LOB02,R03,2024-05-23,5359.65,true,2025-05-22
P000176,LOB02,R04,2023-12-04,11731.11,false,2024-12-03
P000177,LOB02,R03,2024-06-07,9340.25,false,2025-06-06
P000178,LOB04,R03,2023-04-28,2752.84,true,2024-04-27
P000179,LOB03,R02,2024-10-19,7862.08,false,2025-10-18
P000180,LOB02,R02,2024-01-01,19961.06,false,2024-12-31
P000181,LOB04,R01,2024-11-15,7549.39,true,2025-11-14
P000182,LOB04,R02,2023-04-22,8961.69,false,2024-04-21
P000183,LOB01,R03,2023-12-30,18504.97,true,2024-12-29
P000184,LOB02,R04,2024-05-23,15951.27,false,2025-05-22
P000185,LOB01,R04,2023-12-28,18270.64,false,2024-12-27
P000186,LOB03,R04,2023-11-22,1875.19,true,2024-11-21
P000187,LOB01,R01,2023-05-02,28004.31,false,2024-05-01
P000188,LOB03,R04,2023-10-06,14499.08,true,2024-10-05
P000189,LOB01,R01,2023-06-24,43342.37,false,2024-06-23
P000190,LOB02,R03,2023-08-09,6189.47,false,2024-08-08
P000191,LOB04,R04,2024-05-14,3435.54,true,2025-05-13
P000192,LOB02,R04,2024-04-05,9940.09,true,2025-04-04
P000193,LOB04,R03,2024-03-19,8389.84,false,2025-03-18
P000194,LOB04,R02,2023-09-22,14650.04,true,2024-09-21
P000195,LOB04,R03,2024-12-01,18862.99,true,2025-11-30
P000196,LOB01,R03,2023-03-05,9392.09,true,2024-03-04
P000197,LOB04,R03,2023-09-08,8566.16,false,2024-09-07
P000198,LOB01,R02,2023-03-28,13543.09,true,2024-03-27
P000199,LOB02,R02,2023-09-05,8486.25,false,2024-09-04
P000200,LOB04,R03,2024-12-03,8070.82,false,2025-12-02
P000201,LOB03,R01,2023-09-25,18440.06,true,2024-09-24
P000202,LOB02,R04,2024-10-25,21075.5,false,2025-10-24
P000203,LOB02,R01,2023-12-28,18965.56,true,2024-12-27
P000204,LOB04,R04,2024-05-25,8946.9,true,2025-05-24
P000205,LOB03,R01,2023-11-30,2741.13,false,2024-11-29
P000206,LOB02,R03,2023-07-14,9055.04,true,2024-07-13
P000207,LOB04,R02,2024-07-11,6280.54,false,2025-07-10
P000208,LOB01,R03,2024-12-08,9156.0,false,2025-12-07
P000209,LOB01,R02,2023-07-12,6616.66,true,2024-07-11
P000210,LOB03,R04,2024-07-22,9774.73,false,2025-07-21
P000211,LOB04,R01,2023-07-10,5305.16,false,2024-07-09
P000212,LOB01,R04,2024-06-07,4589.7,true,2025-06-06
P000213,LOB01,R03,2024-07-29,20611.72,false,2025-07-28
P000214,LOB01,R04,2023-11-25,5531.45,false,2024-11-24
P000215,LOB04,R01,2024-06-21,9899.1,true,2025-06-20
P000216,LOB01,R01,2023-07-18,17548.24,true,2024-07-17
P000217,LOB02,R02,2023-02-27,17129.93,false,2024-02-26
P000218,LOB04,R02,2023-03-12,15945.13,true,2024-03-11
P000219,LOB01,R04,2023-11-23,11869.41,true,2024-11-22
P000220,LOB02,R04,2024-10-20,15281.56,false,2025-10-19
P000221,LOB02,R02,2023-04-04,22558.18,false,2024-04-03
P000222,LOB04,R04,2023-11-29,12772.04,false,2024-11-28
P000223,LOB02,R01,2024-05-28,3286.83,true,2025-05-27
P000224,LOB02,R03,2023-05-28,7207.52,true,2024-05-27
P000225,LOB01,R01,2024-06-10,15030.28,true,2025-06-09
P000226,LOB03,R03,2023-08-12,6793.64,true,2024-08-11
P000227,LOB03,R02,2024-08-13,26162.01,false,2025-08-12
P000228,LOB01,R02,2024-02-27,9528.97,true,2025-02-26
P000229,LOB02,R02,2024-02-04,10416.53,false,2025-02-03
P000230,LOB04,R02,2023-05-10,19435.3,false,2024-05-09
P000231,LOB01,R04,2023-12-05,8868.76,false,2024-12-04
P000232,LOB01,R04,2024-09-17,11001.27,false,2025-09-16
P000233,LOB02,R02,2023-01-15,16974.61,false,2024-01-14
P000234,LOB02,R02,2024-07-07,4091.38,false,2025-07-06
P000235,LOB01,R03,2023-12-26,8340.02,false,2024-12-25
P000236,LOB02,R03,2024-06-09,16276.73,false,2025-06-08
P000237,LOB01,R01,2024-04-29,10294.45,true,2025-04-28
P000238,LOB02,R03,2023-11-12,23870.54,true,2024-11-11
P000239,LOB03,R04,2023-08-14,3844.68,false,2024-08-13
P000240,LOB02,R04,2024-04-02,3590.33,true,2025-04-01
P000241,LOB01,R03,2023-04-13,15706.22,false,2024-04-12
P000242,LOB04,R02,2024-03-02,16638.66,true,2025-03-01
P000243,LOB01,R02,2023-03-11,8813.59,false,2024-03-10
P000244,LOB03,R03,2024-04-19,12584.69,true,2025-04-18
P000245,LOB02,R02,2024-04-03,15477.21,false,2025-04-02
P000246,LOB03,R01,2023-03-03,6073.45,true,2024-03-02
P000247,LOB01,R03,2024-07-06,6476.21,true,2025-07-05
P000248,LOB01,R01,2023-10-31,11090.41,false,2024-10-30
P000249,LOB02,R04,2024-07-28,17025.26,true,2025-07-27
P000250,LOB01,R02,2023-01-31,4916.86,true,2024-01-30
P000251,LOB01,R02,2023-05-12,8788.78,false,2024-05-11
P000252,LOB03,R01,2023-12-27,8548.05,false,2024-12-26
P000253,LOB04,R01,2023-05-18,12718.02,true,2024-05-17
P000254,LOB01,R04,2023-08-29,9845.61,false,2024-08-28
P000255,LOB04,R03,2024-04-27,7132.88,true,2025-04-26
P000256,LOB03,R04,2023-04-16,20934.2,true,2024-04-15
P000257,LOB04,R04,2024-05-09,7161.29,false,2025-05-08
P000258,LOB03,R01,2023-03-17,8306.07,true,2024-03-16
P000259,LOB03,R02,2023-05-08,3808.92,false,2024-05-07
P000260,LOB02,R04,2024-03-04,6449.93,true,2025-03-03
P000261,LOB03,R02,2024-08-02,13489.21,false,2025-08-01
P000262,LOB04,R03,2023-05-05,11996.39,false,2024-05-04
P000263,LOB01,R03,2023-08-07,14181.74,true,2024-08-06
P000264,LOB02,R03,2024-11-06,13774.71,false,2025-11-05
P000265,LOB01,R04,2024-12-23,34635.29,false,2025-12-22
P000266,LOB04,R04,2024-02-29,6318.8,true,2025-02-27
P000267,LOB02,R03,2023-11-23,3745.63,false,2024-11-22
P000268,LOB03,R03,2023-09-11,5269.38,true,2024-09-10
P000269,LOB04,R02,2024-03-23,6488.64,true,2025-03-22
P000270,LOB04,R01,2024-03-07,5515.98,true,2025-03-06
P000271,LOB01,R03,2023-08-04,10469.24,true,2024-08-03
P000272,LOB03,R01,2023-01-17,20985.62,false,2024-01-16
P000273,LOB04,R03,2023-04-21,24929.21,false,2024-04-20
P000274,LOB01,R02,2024-11-30,13394.31,false,2025-11-29
P000275,LOB03,R04,2023-11-02,35766.37,true,2024-11-01
P000276,LOB02,R04,2023-12-19,7991.84,true,2024-12-18
P000277,LOB03,R03,2023-12-07,3716.32,true,2024-12-06
P000278,LOB02,R03,2024-07-25,18618.42,true,2025-07-24
P000279,LOB01,R02,2023-02-17,3284.09,false,2024-02-16
P000280,LOB01,R02,2023-03-02,6291.77,false,2024-03-01
P000281,LOB01,R01,2023-07-21,13521.92,false,2024-07-20
P000282,LOB01,R01,2023-12-22,9307.46,false,2024-12-21
P000283,LOB03,R03,2024-05-04,8825.75,true,2025-05-03
P000284,LOB02,R04,2023-12-25,4873.3,true,2024-12-24
P000285,LOB01,R01,2023-11-19,9833.19,true,2024-11-18
P000286,LOB03,R02,2024-11-15,18073.42,false,2025-11-14
P000287,LOB03,R03,2023-04-28,10016.42,true,2024-04-27
P000288,LOB02,R03,2024-02-22,6014.11,true,2025-02-21
P000289,LOB04,R03,2024-01-31,4681.98,false,2025-01-30
P000290,LOB02,R03,2023-12-12,6089.03,true,2024-12-11
P000291,LOB04,R01,2024-08-12,12523.98,false,2025-08-11
P000292,LOB01,R02,2023-07-14,12163.09,true,2024-07-13
P000293,LOB03,R02,2024-11-27,6122.32,false,2025-11-26
P000294,LOB04,R01,2023-08-31,2626.86,true,2024-08-30
P000295,LOB04,R02,2024-02-02,12733.7,false,2025-02-01
P000296,LOB02,R02,2024-01-16,5775.47,false,2025-01-15
P000297,LOB03,R04,2024-09-12,14964.52,true,2025-09-11
P000298,LOB02,R02,2023-11-17,6287.6,false,2024-11-16
P000299,LOB03,R04,2023-07-27,5471.24,false,2024-07-26
P000300,LOB03,R03,2023-01-16,10849.81,false,2024-01-15
P000301,LOB04,R03,2023-09-23,40725.9,false,2024-09-22
P000302,LOB02,R04,2024-08-26,15512.76,false,2025-08-25
P000303,LOB01,R04,2023-01-08,10740.01,true,2024-01-07
P000304,LOB02,R01,2024-10-16,12274.89,true,2025-10-15
P000305,LOB01,R02,2024-02-01,3461.06,true,2025-01-31
P000306,LOB01,R03,2023-04-13,5047.23,false,2024-04-12
P000307,LOB02,R04,2023-08-09,2193.91,false,2024-08-08
P000308,LOB03,R01,2024-02-09,27943.07,false,2025-02-08
P000309,LOB01,R02,2023-08-19,24746.31,true,2024-08-18
P000310,LOB01,R01,2023-03-21,12527.62,false,2024-03-20
P000311,LOB01,R01,2024-05-01,10732.9,false,2025-04-30
P000312,LOB04,R04,2024-05-05,3901.23,true,2025-05-04
P000313,LOB03,R01,2023-03-28,8676.9,false,2024-03-27
P000314,LOB01,R04,2023-07-25,29011.14,true,2024-07-24
P000315,LOB01,R04,2023-06-28,10709.11,false,2024-06-27
P000316,LOB02,R04,2024-04-26,7053.03,false,2025-04-25
P000317,LOB01,R01,2024-06-17,3446.65,false,2025-06-16
P000318,LOB02,R01,2024-06-14,22656.08,true,2025-06-13
P000319,LOB02,R02,2024-11-16,9489.58,true,2025-11-15
P000320,LOB04,R03,2024-07-15,3449.41,false,2025-07-14
P000321,LOB01,R04,2023-08-23,5684.17,false,2024-08-22
P000322,LOB03,R02,2023-03-20,4598.46,true,2024-03-19
P000323,LOB01,R01,2024-03-24,9144.92,true,2025-03-23
P000324,LOB04,R04,2024-10-30,11208.23,false,2025-10-29
P000325,LOB04,R04,2024-12-12,7317.83,false,2025-12-11
P000326,LOB03,R03,2023-06-18,15775.73,true,2024-06-17
P000327,LOB02,R03,2023-06-22,10376.32,true,2024-06-21
P000328,LOB01,R04,2023-01-28,18720.74,false,2024-01-27
P000329,LOB04,R02,2023-04-14,7987.9,false,2024-04-13
P000330,LOB03,R01,2024-02-10,61524.78,false,2025-02-09
P000331,LOB01,R03,2024-02-04,7053.69,false,2025-02-03
P000332,LOB02,R02,2023-09-28,5756.02,true,2024-09-27
P000333,LOB02,R04,2023-08-15,5346.62,false,2024-08-14
P000334,LOB04,R04,2024-08-28,8720.53,true,2025-08-27
P000335,LOB03,R02,2023-12-02,3527.27,false,2024-12-01
P000336,LOB03,R02,2024-08-13,11810.42,true,2025-08-12
P000337,LOB03,R02,2024-12-04,3155.23,true,2025-12-03
P000338,LOB01,R03,2023-08-20,10905.28,true,2024-08-19
P000339,LOB02,R03,2023-05-28,4399.51,true,2024-05-27
P000340,LOB01,R03,2024-11-26,7873.23,true,2025-11-25
P000341,LOB03,R03,2024-04-08,14224.54,false,2025-04-07
P000342,LOB02,R04,2023-08-01,39435.54,false,2024-07-31
P000343,LOB02,R02,2024-03-29,5183.31,false,2025-03-28
P000344,LOB01,R01,2024-01-11,9043.57,false,2025-01-10
P000345,LOB01,R04,2024-10-23,6410.83,true,2025-10-22
P000346,LOB02,R04,2023-07-06,5872.75,false,2024-07-05
P000347,LOB01,R03,2024-12-24,6444.72,true,2025-12-23
P000348,LOB01,R02,2024-11-14,16227.13,true,2025-11-13
P000349,LOB03,R02,2023-05-12,7384.71,true,2024-05-11
P000350,LOB02,R02,2023-05-01,38161.7,true,2024-04-30
P000351,LOB02,R01,2024-01-25,12702.92,false,2025-01-24
P000352,LOB02,R03,2023-02-02,5399.13,true,2024-02-01
P000353,LOB04,R02,2023-08-07,7942.45,true,2024-08-06
P000354,LOB02,R02,2023-11-14,6117.4,false,2024-11-13
P000355,LOB03,R03,2024-12-08,15995.16,true,2025-12-07
P000356,LOB04,R04,2024-12-25,3702.38,false,2025-12-24
P000357,LOB03,R01,2023-04-21,4426.79,true,2024-04-20
P000358,LOB02,R04,2024-10-12,6940.11,false,2025-10-11
P000359,LOB03,R03,2023-03-08,14909.71,false,2024-03-07
P000360,LOB02,R04,2024-06-30,20740.35,true,2025-06-29
P000361,LOB02,R02,2024-09-09,22659.29,false,2025-09-08
P000362,LOB02,R04,2024-10-12,13600.76,true,2025-10-11
P000363,LOB02,R03,2023-06-13,9416.95,true,2024-06-12
P000364,LOB01,R03,2024-10-14,15943.01,false,2025-10-13
P000365,LOB02,R03,2023-03-26,4980.57,false,2024-03-25
P000366,LOB01,R02,2024-01-14,3272.16,true,2025-01-13
P000367,LOB02,R03,2023-12-09,12861.36,true,2024-12-08
P000368,LOB02,R04,2023-08-19,5413.19,true,2024-08-18
P000369,LOB04,R04,2023-01-17,9516.82,false,2024-01-16
P000370,LOB01,R01,2024-07-17,10633.62,false,2025-07-16
P000371,LOB03,R03,2023-09-02,11485.86,true,2024-09-01
P000372,LOB02,R04,2024-04-28,17373.04,false,2025-04-27
P000373,LOB01,R03,2023-10-27,16305.29,true,2024-10-26
P000374,LOB01,R02,2023-09-30,11125.56,false,2024-09-29
P000375,LOB01,R02,2024-10-08,7591.55,false,2025-10-07
P000376,LOB01,R03,2023-03-10,10558.19,false,2024-03-09
P000377,LOB01,R03,2024-06-21,6920.71,true,2025-06-20
P000378,LOB02,R02,2024-06-29,8796.79,true,2025-06-28
P000379,LOB02,R02,2023-10-05,47615.04,true,2024-10-04
P000380,LOB01,R02,2023-07-11,11040.37,false,2024-07-10
P000381,LOB01,R01,2023-01-04,12966.79,false,2024-01-03
P000382,LOB01,R01,2024-11-14,6481.53,true,2025-11-13
P000383,LOB02,R01,2024-11-22,18252.26,true,2025-11-21
P000384,LOB02,R02,2023-06-25,15617.75,true,2024-06-24
P000385,LOB02,R03,2023-01-24,15684.24,false,2024-01-23
P000386,LOB01,R02,2023-03-31,11259.13,false,2024-03-30
P000387,LOB01,R04,2023-02-19,18407.51,true,2024-02-18
P000388,LOB04,R01,2024-08-29,21226.62,false,2025-08-28
P000389,LOB01,R02,2024-10-13,11729.47,true,2025-10-12
P000390,LOB01,R01,2023-04-22,9239.4,false,2024-04-21
P000391,LOB01,R02,2024-06-29,16928.31,true,2025-06-28
P000392,LOB04,R03,2023-05-11,5753.28,true,2024-05-10
P000393,LOB03,R02,2023-09-26,6433.18,false,2024-09-25
P000394,LOB03,R02,2024-03-13,9585.62,false,2025-03-12
P000395,LOB04,R03,2024-06-09,3481.39,true,2025-06-08
P000396,LOB01,R04,2024-09-30,16261.52,false,2025-09-29
P000397,LOB04,R01,2023-02-02,5553.88,false,2024-02-01
P000398,LOB01,R01,2023-05-24,7458.47,true,2024-05-23
P000399,LOB03,R01,2023-07-24,8708.3,false,2024-07-23
P000400,LOB02,R03,2023-08-15,10133.2,false,2024-08-14
P000401,LOB02,R04,2024-12-29,8053.06,true,2025-12-28
P000402,LOB04,R01,2024-07-21,9505.04,false,2025-07-20
P000403,LOB01,R01,2023-08-22,9549.3,false,2024-08-21
P000404,LOB04,R03,2024-12-10,7568.74,true,2025-12-09
P000405,LOB02,R04,2023-12-31,6223.47,false,2024-12-30
P000406,LOB03,R03,2024-01-01,18937.22,true,2024-12-31
P000407,LOB04,R04,2023-11-13,2799.95,false,2024-11-12
P000408,LOB01,R03,2023-04-16,8747.92,false,2024-04-15
P000409,LOB04,R01,2024-11-13,7470.07,true,2025-11-12
P000410,LOB02,R02,2023-01-11,12724.38,false,2024-01-10
P000411,LOB03,R04,2023-05-08,4135.75,true,2024-05-07
P000412,LOB01,R03,2023-06-17,7332.92,false,2024-06-16
P000413,LOB02,R01,2023-07-23,9307.58,false,2024-07-22
P000414,LOB03,R01,2023-04-07,18808.12,true,2024-04-06
P000415,LOB02,R03,2023-01-14,12080.05,false,2024-01-13
P000416,LOB01,R02,2024-05-09,4865.41,true,2025-05-08
P000417,LOB01,R03,2024-12-08,7387.27,false,2025-12-07
P000418,LOB04,R02,2023-03-30,16842.0,false,2024-03-29
P000419,LOB01,R02,2023-08-05,4815.21,false,2024-08-04
P000420,LOB03,R03,2024-01-05,9440.96,true,2025-01-04
P000421,LOB04,R01,2024-11-08,9843.12,false,2025-11-07
P000422,LOB01,R02,2024-05-21,7852.05,false,2025-05-20
P000423,LOB01,R02,2024-07-13,49883.77,false,2025-07-12
P000424,LOB03,R04,2024-02-29,7726.11,false,2025-02-27
P000425,LOB01,R03,2023-11-01,12963.06,false,2024-10-31
P000426,LOB02,R02,2023-05-26,6249.27,true,2024-05-25
P000427,LOB03,R02,2024-09-22,13584.01,true,2025-09-21
P000428,LOB02,R01,2024-08-10,16688.46,false,2025-08-09
P000429,LOB02,R01,2023-01-19,6955.04,true,2024-01-18
P000430,LOB03,R02,2024-06-06,9577.57,false,2025-06-05
P000431,LOB02,R04,2023-03-03,5783.89,false,2024-03-02
P000432,LOB01,R01,2024-06-23,4980.86,false,2025-06-22
P000433,LOB02,R01,2024-08-25,18436.31,false,2025-08-24
P000434,LOB04,R03,2023-04-06,7098.22,false,2024-04-05
P000435,LOB03,R01,2023-11-13,2325.83,false,2024-11-12
P000436,LOB02,R04,2023-04-01,28544.33,false,2024-03-31
P000437,LOB02,R04,2024-02-19,6116.48,true,2025-02-18
P000438,LOB01,R04,2024-11-08,8537.1,true,2025-11-07
P000439,LOB01,R02,2023-03-01,26490.56,true,2024-02-29
P000440,LOB01,R02,2023-10-18,9090.22,false,2024-10-17
P000441,LOB04,R02,2024-12-11,8973.2,true,2025-12-10
P000442,LOB01,R01,2023-08-08,4736.7,false,2024-08-07
P000443,LOB04,R03,2023-04-07,3711.16,false,2024-04-06
P000444,LOB01,R04,2023-12-23,8956.8,true,2024-12-22
P000445,LOB01,R02,2024-01-07,12304.08,false,2025-01-06
P000446,LOB02,R01,2024-04-28,11888.36,true,2025-04-27
P000447,LOB02,R03,2023-08-18,7414.87,false,2024-08-17
P000448,LOB03,R02,2024-11-28,10018.16,false,2025-11-27
P000449,LOB04,R04,2024-01-16,3286.81,true,2025-01-15
P000450,LOB04,R04,2023-07-29,13044.22,true,2024-07-28
P000451,LOB01,R04,2024-12-02,10903.55,false,2025-12-01
P000452,LOB03,R02,2024-11-06,32344.41,true,2025-11-05
P000453,LOB01,R04,2023-12-31,9941.65,false,2024-12-30
P000454,LOB04,R01,2023-01-19,5621.75,false,2024-01-18
P000455,LOB02,R02,2024-03-11,9600.46,true,2025-03-10
P000456,LOB02,R02,2024-02-10,8130.03,true,2025-02-09
P000457,LOB01,R04,2023-04-19,12846.47,true,2024-04-18
P000458,LOB01,R03,2024-04-07,10058.12,false,2025-04-06
P000459,LOB01,R02,2024-09-05,4647.25,false,2025-09-04
P000460,LOB04,R01,2023-03-19,3709.14,true,2024-03-18
P000461,LOB03,R04,2024-06-12,11588.23,false,2025-06-11
P000462,LOB04,R03,2023-04-13,22694.29,false,2024-04-12
P000463,LOB01,R04,2024-06-30,10379.72,false,2025-06-29
P000464,LOB02,R02,2023-11-02,16122.62,true,2024-11-01
P000465,LOB01,R01,2023-01-05,18172.88,true,2024-01-04
P000466,LOB02,R02,2024-12-06,11615.26,true,2025-12-05
P000467,LOB02,R03,2023-05-02,6071.16,false,2024-05-01
P000468,LOB01,R01,2024-03-11,11127.61,false,2025-03-10
P000469,LOB02,R01,2023-05-13,20419.46,true,2024-05-12
P000470,LOB01,R04,2024-11-12,13601.49,true,2025-11-11
P000471,LOB02,R03,2024-06-22,15505.46,false,2025-06-21
P000472,LOB03,R02,2024-08-10,7498.6,true,2025-08-09
P000473,LOB01,R03,2023-11-12,8765.58,false,2024-11-11
P000474,LOB04,R03,2023-12-08,9216.62,true,2024-12-07
P000475,LOB02,R01,2024-04-08,9596.92,true,2025-04-07
P000476,LOB04,R02,2024-07-26,19945.82,false,2025-07-25
P000477,LOB03,R02,2024-09-10,2420.42,true,2025-09-09
P000478,LOB03,R01,2023-01-14,10080.15,false,2024-01-13
P000479,LOB03,R01,2024-04-29,9436.14,true,2025-04-28
P000480,LOB04,R02,2023-03-21,4346.38,true,2024-03-20
P000481,LOB03,R03,2023-07-30,14810.04,false,2024-07-29
P000482,LOB01,R03,2024-08-28,6407.98,true,2025-08-27
P000483,LOB01,R04,2023-07-02,7988.68,false,2024-07-01
P000484,LOB03,R02,2024-08-04,30009.5,false,2025-08-03
P000485,LOB01,R03,2023-12-04,18141.99,false,2024-12-03
P000486,LOB01,R04,2023-06-19,13970.35,true,2024-06-18
P000487,LOB01,R03,2023-09-01,12437.44,true,2024-08-31
P000488,LOB02,R04,2024-01-23,8965.97,true,2025-01-22
P000489,LOB01,R01,2024-07-12,32847.35,false,2025-07-11
P000490,LOB03,R04,2024-03-18,16015.31,true,2025-03-17
P000491,LOB03,R03,2024-11-12,6312.39,true,2025-11-11
P000492,LOB04,R03,2024-09-25,4272.43,false,2025-09-24
P000493,LOB02,R01,2024-07-03,13906.38,true,2025-07-02
P000494,LOB02,R03,2024-03-16,9570.86,false,2025-03-15
P000495,LOB02,R04,2023-07-31,4199.15,false,2024-07-30
P000496,LOB02,R03,2023-10-29,12799.38,false,2024-10-28
P000497,LOB03,R01,2023-03-28,8421.84,false,2024-03-27
P000498,LOB01,R02,2023-10-01,13607.81,true,2024-09-30
P000499,LOB04,R03,2024-11-07,12900.79,false,2025-11-06
P000500,LOB01,R04,2023-11-07,6870.84,false,2024-11-06
P000501,LOB04,R02,2023-03-25,14468.18,true,2024-03-24
P000502,LOB02,R04,2024-04-20,7341.2,false,2025-04-19
P000503,LOB01,R04,2024-12-03,7633.26,false,2025-12-02
P000504,LOB03,R02,2024-09-25,7191.37,false,2025-09-24
P000505,LOB01,R01,2023-07-20,19508.09,false,2024-07-19
P000506,LOB03,R04,2023-11-28,8363.7,true,2024-11-27
P000507,LOB02,R03,2024-01-23,22549.45,true,2025-01-22
P000508,LOB01,R04,2023-06-30,28856.51,true,2024-06-29
P000509,LOB01,R04,2023-07-16,6353.55,true,2024-07-15
P000510,LOB03,R02,2023-06-22,1715.4,true,2024-06-21
P000511,LOB01,R01,2024-12-27,18521.84,true,2025-12-26
P000512,LOB04,R04,2024-06-28,8061.19,true,2025-06-27
P000513,LOB03,R03,2024-09-05,5885.74,false,2025-09-04
P000514,LOB03,R01,2024-08-19,6951.89,true,2025-08-18
P000515,LOB01,R03,2024-12-01,7716.47,false,2025-11-30
P000516,LOB03,R01,2023-03-18,21553.98,false,2024-03-17
P000517,LOB04,R02,2024-10-05,10893.77,false,2025-10-04
P000518,LOB01,R02,2023-02-18,21378.89,true,2024-02-17
P000519,LOB02,R02,2023-12-14,13313.48,false,2024-12-13
P000520,LOB01,R03,2024-03-09,8221.12,false,2025-03-08
P000521,LOB02,R04,2023-09-19,7830.53,false,2024-09-18
P000522,LOB03,R02,2023-04-17,13862.81,true,2024-04-16
P000523,LOB02,R03,2023-05-21,16191.72,true,2024-05-20
P000524,LOB02,R04,2024-08-25,17999.07,false,2025-08-24
P000525,LOB02,R03,2023-08-21,8459.77,true,2024-08-20
P000526,LOB01,R02,2023-08-15,10994.2,false,2024-08-14
P000527,LOB01,R03,2024-11-05,14050.65,false,2025-11-04
P000528,LOB04,R02,2023-04-16,7860.62,false,2024-04-15
P000529,LOB03,R02,2024-10-30,5009.22,false,2025-10-29
P000530,LOB02,R03,2024-11-03,6101.18,false,2025-11-02
P000531,LOB03,R02,2024-03-12,8564.48,false,2025-03-11
P000532,LOB01,R01,2023-05-01,14725.33,false,2024-04-30
P000533,LOB01,R04,2023-04-24,21065.39,true,2024-04-23
P000534,LOB01,R03,2023-07-27,4386.87,false,2024-07-26
P000535,LOB04,R01,2024-02-26,6916.0,false,2025-02-25
P000536,LOB03,R02,2023-04-23,7984.7,false,2024-04-22
P000537,LOB03,R02,2023-11-29,15943.88,true,2024-11-28
P000538,LOB01,R04,2023-03-26,7209.35,true,2024-03-25
P000539,LOB01,R04,2024-01-30,7647.7,false,2025-01-29
P000540,LOB03,R03,2023-01-16,4242.06,true,2024-01-15
P000541,LOB02,R02,2024-06-01,13227.38,false,2025-05-31
P000542,LOB04,R01,2023-02-10,8983.64,false,2024-02-09
P000543,LOB03,R01,2023-05-23,6684.68,true,2024-05-22
P000544,LOB02,R01,2023-05-08,8470.05,true,2024-05-07
P000545,LOB03,R04,2024-08-29,19461.58,false,2025-08-28
P000546,LOB04,R01,2023-02-08,5415.76,true,2024-02-07
P000547,LOB02,R03,2023-11-10,5973.0,false,2024-11-09
P000548,LOB03,R04,2024-03-07,20980.56,false,2025-03-06
P000549,LOB04,R02,2024-01-12,10357.49,false,2025-01-11
P000550,LOB01,R03,2024-05-11,14792.16,true,2025-05-10
P000551,LOB04,R04,2024-08-09,12594.95,true,2025-08-08
P000552,LOB01,R02,2023-10-15,9689.51,false,2024-10-14
P000553,LOB03,R02,2024-08-27,8030.65,true,2025-08-26
P000554,LOB03,R01,2023-08-21,16300.24,true,2024-08-20
P000555,LOB03,R02,2024-12-19,19878.66,false,2025-12-18
P000556,LOB02,R04,2024-01-04,18968.08,true,2025-01-03
P000557,LOB03,R03,2024-06-21,4859.63,true,2025-06-20
P000558,LOB01,R01,2024-09-30,21654.02,false,2025-09-29
P000559,LOB01,R03,2024-08-01,7984.35,true,2025-07-31
P000560,LOB01,R03,2024-09-13,6291.67,true,2025-09-12
P000561,LOB02,R01,2024-01-27,8941.01,true,2025-01-26
P000562,LOB02,R04,2023-02-01,16296.03,false,2024-01-31
P000563,LOB01,R01,2023-12-26,13688.05,false,2024-12-25
P000564,LOB04,R02,2023-05-13,8491.05,false,2024-05-12
P000565,LOB02,R02,2024-10-11,16360.08,false,2025-10-10
P000566,LOB02,R03,2023-06-22,10763.5,true,2024-06-21
P000567,LOB02,R04,2023-06-16,7017.88,false,2024-06-15
P000568,LOB01,R01,2023-07-02,6471.6,true,2024-07-01
P000569,LOB03,R02,2024-04-14,12659.22,false,2025-04-13
P000570,LOB02,R02,2024-02-21,9419.05,false,2025-02-20
P000571,LOB01,R04,2024-11-23,4335.95,true,2025-11-22
P000572,LOB04,R04,2023-10-31,16453.56,false,2024-10-30
P000573,LOB04,R02,2023-07-26,7419.26,false,2024-07-25
P000574,LOB03,R03,2023-02-05,25726.37,true,2024-02-04
P000575,LOB04,R04,2023-01-06,4265.04,false,2024-01-05
P000576,LOB04,R04,2023-09-30,8880.16,false,2024-09-29
P000577,LOB02,R03,2024-11-06,6502.96,true,2025-11-05
P000578,LOB03,R03,2024-01-18,5512.35,true,2025-01-17
P000579,LOB03,R04,2024-10-14,7390.31,false,2025-10-13
P000580,LOB01,R01,2023-03-16,28633.73,true,2024-03-15
P000581,LOB01,R02,2023-03-10,10786.19,true,2024-03-09
P000582,LOB01,R03,2024-08-31,6154.72,false,2025-08-30
P000583,LOB03,R01,2023-03-19,3303.78,false,2024-03-18
P000584,LOB03,R03,2023-02-07,3523.4,true,2024-02-06
P000585,LOB03,R04,2023-10-22,7173.31,true,2024-10-21
P000586,LOB02,R01,2024-11-06,6766.82,false,2025-11-05
P000587,LOB01,R04,2024-05-18,8652.21,false,2025-05-17
P000588,LOB02,R02,2023-03-14,2531.81,false,2024-03-13
P000589,LOB02,R04,2024-09-03,9367.4,false,2025-09-02
P000590,LOB04,R03,2024-09-07,18336.3,true,2025-09-06
P000591,LOB04,R01,2024-08-07,26204.98,false,2025-08-06
P000592,LOB04,R03,2024-10-20,3175.86,false,2025-10-19
P000593,LOB04,R01,2023-06-25,6119.06,false,2024-06-24
P000594,LOB04,R01,2024-12-16,5928.1,true,2025-12-15
P000595,LOB02,R04,2023-08-23,10801.42,true,2024-08-22
P000596,LOB01,R04,2024-08-08,4760.64,false,2025-08-07
P000597,LOB01,R01,2024-02-27,27156.13,false,2025-02-26
P000598,LOB02,R02,2024-07-23,10158.98,false,2025-07-22
P000599,LOB01,R01,2024-04-03,9192.22,true,2025-04-02
P000600,LOB01,R02,2024-04-14,25735.54,false,2025-04-13
P000601,LOB04,R04,2024-03-25,9802.29,true,2025-03-24
P000602,LOB01,R01,2024-07-22,12584.01,false,2025-07-21
P000603,LOB04,R03,2024-06-23,6307.67,false,2025-06-22
P000604,LOB03,R04,2023-04-09,4348.99,false,2024-04-08
P000605,LOB03,R04,2024-08-26,6862.2,true,2025-08-25
P000606,LOB03,R02,2024-01-27,36760.73,false,2025-01-26
P000607,LOB02,R03,2023-08-24,14469.71,true,2024-08-23
P000608,LOB03,R02,2024-01-11,11669.35,false,2025-01-10
P000609,LOB01,R01,2024-12-06,5509.21,false,2025-12-05
P000610,LOB04,R01,2024-09-18,17098.58,false,2025-09-17
P000611,LOB02,R03,2024-08-31,4382.54,false,2025-08-30
P000612,LOB01,R03,2023-12-04,3865.19,false,2024-12-03
P000613,LOB03,R03,2024-07-26,7077.44,true,2025-07-25
P000614,LOB03,R04,2023-10-09,31974.52,true,2024-10-08
P000615,LOB02,R03,2024-05-15,30906.96,false,2025-05-14
P000616,LOB03,R02,2024-04-11,7549.66,false,2025-04-10
P000617,LOB01,R02,2023-07-02,6604.33,false,2024-07-01
P000618,LOB03,R04,2023-07-14,3698.87,true,2024-07-13
P000619,LOB01,R04,2023-02-14,10371.52,true,2024-02-13
P000620,LOB01,R01,2023-04-13,10907.52,false,2024-04-12
P000621,LOB01,R04,2023-11-13,15894.58,false,2024-11-12
P000622,LOB02,R01,2023-12-15,17093.0,false,2024-12-14
P000623,LOB02,R04,2023-05-01,8791.55,false,2024-04-30
P000624,LOB02,R03,2023-11-01,13816.47,true,2024-10-31
P000625,LOB01,R03,2024-03-17,6500.38,true,2025-03-16
P000626,LOB01,R03,2023-06-19,13659.98,true,2024-06-18
P000627,LOB02,R03,2023-09-04,7300.23,false,2024-09-03
P000628,LOB01,R02,2023-09-26,13038.67,true,2024-09-25
P000629,LOB03,R04,2024-01-04,12420.47,true,2025-01-03
P000630,LOB04,R03,2023-09-25,10314.25,false,2024-09-24
P000631,LOB02,R03,2024-06-21,15942.18,true,2025-06-20
P000632,LOB04,R02,2023-08-28,3857.45,false,2024-08-27
P000633,LOB01,R01,2023-11-13,5224.17,true,2024-11-12
P000634,LOB01,R03,2023-10-05,8416.63,true,2024-10-04
P000635,LOB03,R02,2023-05-14,4163.21,true,2024-05-13
P000636,LOB03,R03,2024-05-15,7753.36,false,2025-05-14
P000637,LOB04,R02,2023-06-21,7904.77,false,2024-06-20
P000638,LOB01,R04,2023-08-05,21716.12,false,2024-08-04
P000639,LOB03,R03,2024-08-01,10780.78,false,2025-07-31
P000640,LOB02,R02,2024-11-23,18355.01,true,2025-11-22
P000641,LOB02,R03,2024-05-04,11860.93,false,2025-05-03
P000642,LOB01,R03,2024-10-30,7176.73,true,2025-10-29
P000643,LOB04,R03,2024-09-15,10723.9,false,2025-09-14
P000644,LOB01,R03,2023-12-18,15331.36,false,2024-12-17
P000645,LOB04,R04,2024-07-16,20252.65,true,2025-07-15
P000646,LOB03,R02,2023-08-28,9141.81,false,2024-08-27
P000647,LOB03,R02,2023-12-03,3683.04,false,2024-12-02
P000648,LOB03,R02,2024-01-26,3530.94,true,2025-01-25
P000649,LOB04,R03,2024-12-02,8136.8,true,2025-12-01
P000650,LOB01,R04,2024-09-11,2433.92,false,2025-09-10
P000651,LOB01,R03,2023-12-24,29058.39,false,2024-12-23
P000652,LOB02,R01,2024-04-21,14159.77,true,2025-04-20
P000653,LOB02,R04,2023-05-28,6758.79,false,2024-05-27
P000654,LOB01,R04,2024-08-10,5085.82,true,2025-08-09
P000655,LOB01,R02,2024-02-08,18340.58,false,2025-02-07
P000656,LOB02,R01,2024-01-24,5073.66,true,2025-01-23
P000657,LOB01,R02,2024-07-13,5372.58,false,2025-07-12
P000658,LOB01,R04,2024-04-07,6250.6,false,2025-04-06
P000659,LOB04,R03,2023-02-22,10598.34,false,2024-02-21
P000660,LOB02,R01,2023-07-30,14363.97,false,2024-07-29
P000661,LOB04,R01,2023-05-10,20243.79,false,2024-05-09
P000662,LOB04,R04,2024-06-20,18526.97,true,2025-06-19
P000663,LOB01,R02,2023-01-26,9901.72,true,2024-01-25
P000664,LOB03,R03,2023-05-28,18257.17,false,2024-05-27
P000665,LOB03,R02,2024-03-12,6617.02,true,2025-03-11
P000666,LOB03,R01,2024-05-22,3319.2,false,2025-05-21
P000667,LOB01,R02,2024-01-03,6616.5,true,2025-01-02
P000668,LOB01,R03,2024-09-20,6101.22,false,2025-09-19
P000669,LOB01,R02,2024-11-01,6773.73,false,2025-10-31
P000670,LOB03,R03,2023-04-07,5565.68,false,2024-04-06
P000671,LOB04,R02,2024-11-26,7505.07,true,2025-11-25
P000672,LOB03,R02,2024-03-24,14357.25,false,2025-03-23
P000673,LOB03,R02,2024-04-09,27699.07,false,2025-04-08
P000674,LOB04,R02,2023-03-11,3514.99,false,2024-03-10
P000675,LOB03,R02,2024-03-29,4570.41,false,2025-03-28
P000676,LOB01,R03,2024-06-13,6155.69,true,2025-06-12
P000677,LOB04,R02,2024-02-28,15669.09,true,2025-02-27
P000678,LOB02,R03,2023-03-03,8751.95,true,2024-03-02
P000679,LOB01,R02,2024-01-17,6409.49,false,2025-01-16
P000680,LOB02,R02,2024-11-14,15215.04,false,2025-11-13
P000681,LOB04,R04,2024-06-12,17568.0,true,2025-06-11
P000682,LOB01,R04,2023-04-11,9786.35,false,2024-04-10
P000683,LOB02,R02,2024-12-01,6064.87,true,2025-11-30
P000684,LOB01,R02,2024-11-30,11639.59,false,2025-11-29
P000685,LOB01,R03,2023-05-04,8604.49,false,2024-05-03
P000686,LOB01,R01,2024-08-07,8564.59,true,2025-08-06
P000687,LOB03,R02,2023-10-24,7277.63,true,2024-10-23
P000688,LOB04,R03,2024-03-09,17240.04,false,2025-03-08
P000689,LOB01,R03,2023-11-21,11498.0,false,2024-11-20
P000690,LOB01,R01,2024-07-25,18424.2,true,2025-07-24
P000691,LOB01,R01,2024-12-28,22066.05,false,2025-12-27
P000692,LOB01,R02,2024-08-03,13034.94,false,2025-08-02
P000693,LOB02,R01,2024-11-10,7303.53,true,2025-11-09
P000694,LOB03,R03,2024-11-21,18475.41,false,2025-11-20
P000695,LOB03,R04,2023-03-07,13087.32,true,2024-03-06
P000696,LOB02,R02,2023-07-04,47193.93,false,2024-07-03
P000697,LOB02,R02,2024-06-10,11921.06,false,2025-06-09
P000698,LOB01,R01,2024-03-06,15042.17,true,2025-03-05
P000699,LOB01,R01,2023-02-06,11781.13,false,2024-02-05
P000700,LOB04,R03,2023-03-11,9325.81,true,2024-03-10
P000701,LOB03,R02,2024-01-15,8473.72,false,2025-01-14
P000702,LOB04,R03,2024-03-25,11808.16,false,2025-03-24
P000703,LOB04,R03,2023-05-03,13530.55,true,2024-05-02
P000704,LOB03,R04,2023-05-06,19784.08,false,2024-05-05
P000705,LOB04,R01,2023-04-05,11912.1,true,2024-04-04
P000706,LOB02,R03,2024-02-17,7497.06,false,2025-02-16
P000707,LOB01,R04,2023-01-06,8134.65,false,2024-01-05
P000708,LOB01,R02,2024-02-22,4474.89,false,2025-02-21
P000709,LOB01,R01,2023-12-14,26815.31,false,2024-12-13
P000710,LOB01,R02,2023-12-07,7153.06,false,2024-12-06
P000711,LOB02,R04,2024-05-10,17684.86,true,2025-05-09
P000712,LOB03,R04,2024-01-17,11683.47,true,2025-01-16
P000713,LOB03,R02,2024-06-15,11875.58,false,2025-06-14
P000714,LOB02,R01,2024-07-11,9223.7,true,2025-07-10
P000715,LOB01,R02,2024-11-02,6169.18,true,2025-11-01
P000716,LOB03,R01,2024-08-06,5535.18,true,2025-08-05
P000717,LOB02,R03,2024-01-13,27919.46,false,2025-01-12
P000718,LOB01,R04,2023-12-26,10597.53,false,2024-12-25
P000719,LOB01,R01,2023-06-22,19441.41,true,2024-06-21
P000720,LOB02,R03,2024-03-13,22718.71,true,2025-03-12
P000721,LOB01,R04,2023-04-12,7734.85,false,2024-04-11
P000722,LOB04,R03,2024-11-10,12760.42,true,2025-11-09
P000723,LOB03,R04,2024-09-08,10168.06,false,2025-09-07
P000724,LOB03,R01,2023-03-29,4942.72,false,2024-03-28
P000725,LOB01,R03,2024-07-27,8854.77,false,2025-07-26
P000726,LOB04,R01,2023-03-27,14079.91,true,2024-03-26
P000727,LOB03,R04,2024-06-10,7336.25,false,2025-06-09
P000728,LOB01,R02,2023-03-06,8144.47,false,2024-03-05
P000729,LOB03,R01,2023-12-23,8919.36,true,2024-12-22
P000730,LOB02,R03,2024-04-25,35133.75,false,2025-04-24
P000731,LOB02,R03,2024-06-16,3293.05,true,2025-06-15
P000732,LOB01,R02,2023-11-02,13372.91,false,2024-11-01
P000733,LOB02,R02,2024-11-03,8501.49,false,2025-11-02
P000734,LOB01,R01,2024-07-19,6738.6,true,2025-07-18
P000735,LOB01,R04,2023-06-02,8377.25,false,2024-06-01
P000736,LOB01,R01,2024-05-04,14771.07,true,2025-05-03
P000737,LOB04,R04,2024-06-17,15286.33,true,2025-06-16
P000738,LOB01,R03,2023-09-01,11065.75,false,2024-08-31
P000739,LOB02,R03,2024-06-22,19065.67,true,2025-06-21
P000740,LOB02,R03,2024-10-17,21190.32,false,2025-10-16
P000741,LOB04,R04,2024-08-19,16152.43,true,2025-08-18
P000742,LOB02,R01,2024-07-10,7131.55,false,2025-07-09
P000743,LOB04,R04,2024-04-08,13315.25,false,2025-04-07
P000744,LOB01,R01,2023-07-17,13353.32,false,2024-07-16
P000745,LOB01,R04,2024-08-03,6067.01,false,2025-08-02
P000746,LOB02,R02,2023-09-23,3859.67,false,2024-09-22
P000747,LOB02,R04,2024-01-24,2940.5,false,2025-01-23
P000748,LOB04,R01,2023-08-18,10320.77,false,2024-08-17
P000749,LOB04,R02,2023-08-17,11835.09,true,2024-08-16
P000750,LOB02,R03,2023-04-26,4870.4,true,2024-04-25
P000751,LOB04,R04,2024-12-02,18538.77,true,2025-12-01
P000752,LOB02,R01,2023-04-18,10843.61,false,2024-04-17
P000753,LOB01,R01,2023-03-04,22240.53,false,2024-03-03
P000754,LOB02,R03,2024-11-14,12361.25,false,2025-11-13
P000755,LOB01,R01,2024-02-10,5219.72,false,2025-02-09
P000756,LOB04,R04,2023-11-16,13029.47,true,2024-11-15
P000757,LOB01,R01,2024-06-22,14795.32,false,2025-06-21
P000758,LOB02,R04,2023-10-07,7125.43,true,2024-10-06
P000759,LOB02,R03,2023-04-04,4166.14,true,2024-04-03
P000760,LOB01,R04,2024-06-16,10511.0,false,2025-06-15
P000761,LOB01,R01,2023-05-09,5428.91,true,2024-05-08
P000762,LOB03,R02,2024-02-08,19390.38,false,2025-02-07
P000763,LOB01,R02,2024-11-23,7751.91,false,2025-11-22
P000764,LOB02,R01,2024-11-14,27854.8,false,2025-11-13
P000765,LOB02,R01,2023-09-21,2766.96,true,2024-09-20
P000766,LOB01,R02,2024-07-23,10730.84,true,2025-07-22
P000767,LOB01,R03,2024-03-23,23333.27,true,2025-03-22
P000768,LOB03,R03,2023-12-16,5801.18,false,2024-12-15
P000769,LOB04,R01,2023-04-13,8995.5,true,2024-04-12
P000770,LOB01,R01,2023-10-02,7771.19,true,2024-10-01
P000771,LOB04,R03,2024-04-20,6566.52,false,2025-04-19
P000772,LOB02,R02,2024-12-21,11461.78,false,2025-12-20
P000773,LOB03,R04,2023-01-04,4549.38,false,2024-01-03
P000774,LOB03,R02,2024-06-07,9259.62,true,2025-06-06
P000775,LOB03,R02,2024-09-09,13488.55,false,2025-09-08
P000776,LOB04,R01,2024-11-25,8698.83,true,2025-11-24
P000777,LOB02,R02,2023-11-06,5430.99,true,2024-11-05
P000778,LOB02,R03,2023-03-28,18363.33,true,2024-03-27
P000779,LOB02,R02,2023-07-17,15339.0,false,2024-07-16
P000780,LOB01,R03,2024-09-12,5299.08,false,2025-09-11
P000781,LOB03,R01,2024-10-02,4552.97,true,2025-10-01
P000782,LOB01,R03,2024-04-10,5590.62,false,2025-04-09
P000783,LOB01,R02,2023-03-31,13727.6,false,2024-03-30
P000784,LOB01,R04,2023-03-31,11676.62,true,2024-03-30
P000785,LOB01,R02,2023-12-16,15899.61,false,2024-12-15
P000786,LOB03,R01,2024-03-05,8138.08,true,2025-03-04
P000787,LOB03,R03,2023-01-24,5682.57,true,2024-01-23
P000788,LOB02,R01,2024-05-15,17176.68,false,2025-05-14
P000789,LOB01,R04,2024-02-02,7100.57,true,2025-02-01
P000790,LOB02,R02,2023-01-09,11069.28,false,2024-01-08
P000791,LOB02,R04,2023-03-11,3905.13,true,2024-03-10
P000792,LOB03,R03,2023-11-28,7031.21,false,2024-11-27
P000793,LOB02,R02,2024-06-11,18135.7,false,2025-06-10
P000794,LOB02,R03,2024-08-25,6439.69,false,2025-08-24
P000795,LOB02,R01,2023-11-11,16134.29,false,2024-11-10
P000796,LOB04,R01,2023-08-04,2443.99,false,2024-08-03
P000797,LOB03,R04,2024-12-07,7075.3,true,2025-12-06
P000798,LOB02,R04,2023-12-01,8930.14,true,2024-11-30
P000799,LOB02,R04,2023-08-19,28156.24,false,2024-08-18
P000800,LOB01,R02,2023-11-19,4907.71,false,2024-11-18
P000801,LOB04,R02,2023-01-09,14803.16,true,2024-01-08
P000802,LOB02,R02,2023-08-09,18660.4,false,2024-08-08
P000803,LOB01,R03,2024-01-12,6419.57,true,2025-01-11
P000804,LOB04,R03,2024-11-01,7910.02,true,2025-10-31
P000805,LOB03,R04,2024-06-22,10774.93,false,2025-06-21
P000806,LOB01,R04,2024-07-24,4068.82,false,2025-07-23
P000807,LOB01,R02,2024-02-02,7532.17,false,2025-02-01
P000808,LOB01,R03,2023-03-22,21283.07,true,2024-03-21
P000809,LOB02,R03,2023-10-13,13542.56,true,2024-10-12
P000810,LOB01,R04,2024-12-28,9008.73,false,2025-12-27
P000811,LOB04,R02,2023-02-02,10591.88,true,2024-02-01
P000812,LOB04,R01,2024-10-03,14024.25,false,2025-10-02
P000813,LOB02,R02,2024-05-14,15731.9,true,2025-05-13
P000814,LOB03,R03,2023-07-27,7087.95,true,2024-07-26
P000815,LOB01,R04,2024-07-21,24855.46,true,2025-07-20
P000816,LOB01,R04,2024-09-02,21803.13,true,2025-09-01
P000817,LOB03,R01,2023-02-01,14858.9,true,2024-01-31
P000818,LOB01,R03,2023-03-19,5968.34,false,2024-03-18
P000819,LOB01,R01,2024-04-30,5366.15,false,2025-04-29
P000820,LOB02,R02,2024-12-30,8135.87,true,2025-12-29
P000821,LOB01,R04,2023-01-18,10264.63,false,2024-01-17
P000822,LOB02,R04,2024-04-30,3425.16,true,2025-04-29
P000823,LOB03,R01,2023-04-10,13317.26,true,2024-04-09
P000824,LOB04,R01,2024-04-19,21428.51,false,2025-04-18
P000825,LOB03,R03,2024-03-31,13987.01,false,2025-03-30
P000826,LOB04,R02,2023-03-08,6596.99,false,2024-03-07
P000827,LOB02,R02,2024-05-11,6144.78,true,2025-05-10
P000828,LOB04,R04,2024-10-16,11847.97,true,2025-10-15
P000829,LOB02,R04,2024-09-22,9027.38,false,2025-09-21
P000830,LOB01,R04,2023-01-22,12910.87,false,2024-01-21
P000831,LOB04,R04,2023-06-29,14200.51,false,2024-06-28
P000832,LOB01,R04,2023-06-25,19055.94,false,2024-06-24
P000833,LOB01,R03,2023-11-27,5017.69,true,2024-11-26
P000834,LOB01,R04,2023-04-15,11304.67,false,2024-04-14
P000835,LOB02,R03,2024-09-15,7957.86,false,2025-09-14
P000836,LOB02,R01,2024-07-21,9328.4,true,2025-07-20
P000837,LOB02,R04,2024-08-13,16624.71,true,2025-08-12
P000838,LOB04,R04,2023-05-25,17745.29,false,2024-05-24
P000839,LOB01,R02,2023-01-11,22903.98,true,2024-01-10
P000840,LOB02,R02,2024-10-26,12776.39,false,2025-10-25
P000841,LOB02,R03,2023-07-30,9264.91,false,2024-07-29
P000842,LOB04,R03,2024-04-24,8503.84,false,2025-04-23
P000843,LOB01,R03,2024-10-25,3495.2,false,2025-10-24
P000844,LOB01,R02,2023-01-27,22111.23,false,2024-01-26
P000845,LOB02,R04,2023-01-04,8158.87,false,2024-01-03
P000846,LOB03,R04,2023-01-04,13407.08,false,2024-01-03
P000847,LOB03,R04,2023-04-25,14874.42,true,2024-04-24
P000848,LOB02,R03,2023-02-07,4688.23,false,2024-02-06
P000849,LOB03,R01,2024-08-21,5687.31,true,2025-08-20
P000850,LOB02,R04,2024-03-18,25039.55,true,2025-03-17
P000851,LOB01,R01,2024-12-16,11781.21,false,2025-12-15
P000852,LOB01,R01,2024-08-08,6985.9,true,2025-08-07
P000853,LOB01,R02,2024-12-04,9174.58,true,2025-12-03
P000854,LOB02,R01,2023-06-24,18991.41,true,2024-06-23
P000855,LOB02,R03,2023-07-30,17336.83,false,2024-07-29
P000856,LOB02,R02,2024-09-12,4106.6,false,2025-09-11
P000857,LOB02,R01,2023-06-28,26385.51,true,2024-06-27
P000858,LOB02,R01,2023-02-11,17671.15,false,2024-02-10
P000859,LOB03,R01,2024-05-03,9031.87,true,2025-05-02
P000860,LOB03,R03,2024-08-07,4841.44,false,2025-08-06
P000861,LOB02,R04,2024-12-07,18627.7,true,2025-12-06
P000862,LOB02,R02,2024-11-08,13172.1,false,2025-11-07
P000863,LOB02,R01,2023-03-29,4127.06,false,2024-03-28
P000864,LOB02,R03,2024-07-17,8610.63,false,2025-07-16
P000865,LOB02,R04,2024-09-09,64582.82,false,2025-09-08
P000866,LOB02,R01,2024-05-24,9995.61,true,2025-05-23
P000867,LOB03,R04,2024-08-21,6341.16,false,2025-08-20
P000868,LOB03,R01,2024-09-03,5404.04,true,2025-09-02
P000869,LOB01,R02,2023-11-22,28660.05,false,2024-11-21
P000870,LOB02,R03,2023-01-30,16459.46,true,2024-01-29
P000871,LOB04,R01,2023-11-30,23027.94,true,2024-11-29
P000872,LOB01,R02,2023-05-28,11486.31,true,2024-05-27
P000873,LOB04,R01,2023-03-25,21002.81,true,2024-03-24
P000874,LOB01,R01,2023-04-02,5949.17,false,2024-04-01
P000875,LOB02,R04,2024-05-24,10911.3,false,2025-05-23
P000876,LOB02,R01,2024-01-04,11757.33,true,2025-01-03
P000877,LOB01,R01,2024-01-30,22685.2,false,2025-01-29
P000878,LOB04,R01,2024-06-27,11983.74,false,2025-06-26
P000879,LOB02,R01,2024-02-05,6800.1,true,2025-02-04
P000880,LOB04,R03,2024-04-04,10285.03,true,2025-04-03
P000881,LOB01,R04,2023-03-04,3619.72,false,2024-03-03
P000882,LOB04,R01,2024-09-13,2458.78,true,2025-09-12
P000883,LOB04,R03,2023-11-24,16298.12,false,2024-11-23
P000884,LOB02,R02,2023-04-24,7904.23,true,2024-04-23
P000885,LOB01,R01,2024-08-16,8460.38,true,2025-08-15
P000886,LOB03,R03,2024-06-20,16294.26,false,2025-06-19
P000887,LOB02,R01,2023-02-08,22884.3,false,2024-02-07
P000888,LOB04,R03,2023-05-21,13639.06,false,2024-05-20
P000889,LOB02,R03,2023-01-12,31471.69,true,2024-01-11
P000890,LOB01,R03,2023-07-17,13381.3,false,2024-07-16
P000891,LOB01,R01,2023-03-14,11864.76,false,2024-03-13
P000892,LOB03,R02,2024-06-02,11432.7,false,2025-06-01
P000893,LOB04,R03,2024-01-17,4576.56,false,2025-01-16
P000894,LOB01,R04,2024-12-16,17563.87,false,2025-12-15
P000895,LOB03,R01,2024-07-01,2281.8,false,2025-06-30
P000896,LOB04,R02,2024-03-22,6962.18,false,2025-03-21
P000897,LOB01,R04,2024-01-07,10034.24,false,2025-01-06
P000898,LOB01,R02,2023-02-09,6161.91,false,2024-02-08
P000899,LOB03,R02,2023-02-21,7547.31,false,2024-02-20
P000900,LOB03,R04,2024-03-25,29840.61,false,2025-03-24
P000901,LOB01,R04,2023-01-04,19195.18,true,2024-01-03
P000902,LOB04,R03,2023-01-31,6558.41,true,2024-01-30
P000903,LOB02,R03,2023-06-09,7467.09,true,2024-06-08
P000904,LOB04,R03,2024-10-07,4599.94,false,2025-10-06
P000905,LOB04,R02,2023-12-02,15108.25,true,2024-12-01
P000906,LOB04,R04,2024-06-01,8519.85,true,2025-05-31
P000907,LOB02,R01,2023-10-28,3041.54,false,2024-10-27
P000908,LOB01,R01,2023-05-07,10514.08,true,2024-05-06
P000909,LOB02,R03,2023-09-28,12879.44,false,2024-09-27
P000910,LOB01,R04,2023-03-08,17639.3,false,2024-03-07
P000911,LOB03,R04,2024-07-16,9470.97,true,2025-07-15
P000912,LOB01,R03,2023-05-14,7914.07,true,2024-05-13
P000913,LOB02,R02,2023-10-02,32589.94,false,2024-10-01
P000914,LOB01,R02,2024-12-16,9936.32,false,2025-12-15
P000915,LOB01,R02,2024-03-08,15240.89,false,2025-03-07
P000916,LOB01,R02,2023-12-01,7160.08,true,2024-11-30
P000917,LOB03,R02,2024-02-01,14972.13,false,2025-01-31
P000918,LOB03,R01,2024-07-26,4132.44,false,2025-07-25
P000919,LOB01,R02,2023-07-05,7500.76,false,2024-07-04
P000920,LOB04,R04,2024-04-09,4793.59,true,2025-04-08
P000921,LOB04,R03,2024-09-29,6884.42,false,2025-09-28
P000922,LOB02,R01,2024-02-22,20958.13,false,2025-02-21
P000923,LOB03,R02,2023-11-22,6854.11,true,2024-11-21
P000924,LOB02,R02,2023-04-16,15228.95,false,2024-04-15
P000925,LOB01,R02,2023-07-01,24596.49,false,2024-06-30
P000926,LOB02,R03,2024-11-21,9734.71,false,2025-11-20
P000927,LOB01,R04,2024-01-31,17966.43,false,2025-01-30
P000928,LOB04,R03,2023-08-08,13611.25,true,2024-08-07
P000929,LOB04,R02,2023-11-02,10613.29,false,2024-11-01
P000930,LOB04,R01,2024-02-26,15524.73,true,2025-02-25
P000931,LOB02,R01,2024-01-28,29850.68,false,2025-01-27
P000932,LOB02,R04,2024-05-25,6752.3,true,2025-05-24
P000933,LOB04,R03,2023-07-07,5566.26,true,2024-07-06
P000934,LOB01,R03,2024-04-18,5373.59,false,2025-04-17
P000935,LOB01,R03,2023-11-20,17973.55,true,2024-11-19
P000936,LOB02,R04,2024-11-17,19489.29,false,2025-11-16
P000937,LOB02,R04,2023-04-26,7170.84,true,2024-04-25
P000938,LOB02,R01,2023-04-19,2747.35,true,2024-04-18
P000939,LOB01,R02,2023-12-04,6602.12,true,2024-12-03
P000940,LOB02,R01,2024-01-07,13748.88,true,2025-01-06
P000941,LOB01,R02,2024-05-19,9508.73,false,2025-05-18
P000942,LOB01,R03,2023-10-22,11028.18,true,2024-10-21
P000943,LOB01,R01,2024-10-29,7229.99,false,2025-10-28
P000944,LOB02,R01,2023-12-13,18186.84,false,2024-12-12
P000945,LOB04,R02,2023-04-05,12160.1,true,2024-04-04
P000946,LOB02,R03,2023-03-29,14071.1,true,2024-03-28
P000947,LOB03,R03,2024-12-11,10888.25,true,2025-12-10
P000948,LOB03,R01,2023-04-08,13556.49,true,2024-04-07
P000949,LOB02,R01,2024-11-22,13031.74,true,2025-11-21
P000950,LOB04,R04,2023-07-22,5671.2,false,2024-07-21
P000951,LOB03,R03,2023-03-10,12380.0,false,2024-03-09
P000952,LOB02,R04,2023-08-11,15913.21,false,2024-08-10
P000953,LOB01,R04,2024-03-24,19793.02,false,2025-03-23
P000954,LOB01,R04,2023-11-09,12703.9,false,2024-11-08
P000955,LOB04,R03,2024-07-27,5546.1,true,2025-07-26
P000956,LOB03,R04,2024-03-22,6082.73,true,2025-03-21
P000957,LOB04,R02,2023-10-20,7622.89,false,2024-10-19
P000958,LOB04,R04,2024-04-08,11088.66,true,2025-04-07
P000959,LOB01,R02,2024-12-10,9197.24,true,2025-12-09
P000960,LOB03,R02,2023-10-28,5043.02,false,2024-10-27
P000961,LOB02,R03,2023-04-23,5024.94,true,2024-04-22
P000962,LOB03,R02,2023-10-26,2809.85,true,2024-10-25
P000963,LOB01,R01,2024-09-05,1522.81,false,2025-09-04
P000964,LOB01,R04,2023-06-08,9144.71,true,2024-06-07
P000965,LOB03,R02,2024-11-23,39820.54,true,2025-11-22
P000966,LOB03,R04,2024-03-05,29087.61,true,2025-03-04
P000967,LOB03,R02,2024-03-15,5503.07,true,2025-03-14
P000968,LOB02,R04,2023-08-20,10828.56,false,2024-08-19
P000969,LOB02,R03,2024-11-02,4110.3,false,2025-11-01
P000970,LOB04,R04,2023-01-27,4504.06,false,2024-01-26
P000971,LOB02,R04,2023-08-07,4824.76,true,2024-08-06
P000972,LOB02,R01,2023-11-02,8644.69,true,2024-11-01
P000973,LOB02,R04,2023-12-15,8870.84,false,2024-12-14
P000974,LOB02,R04,2023-12-13,11517.48,true,2024-12-12
P000975,LOB02,R03,2023-04-18,14734.25,true,2024-04-17
P000976,LOB02,R04,2023-06-14,8085.85,false,2024-06-13
P000977,LOB04,R04,2023-03-11,10114.46,false,2024-03-10
P000978,LOB04,R03,2024-02-22,5134.37,false,2025-02-21
P000979,LOB04,R02,2023-09-14,4417.38,false,2024-09-13
P000980,LOB02,R04,2024-02-18,4026.35,false,2025-02-17
P000981,LOB02,R01,2024-03-06,14611.27,false,2025-03-05
P000982,LOB03,R03,2024-05-27,8080.87,false,2025-05-26
P000983,LOB04,R04,2024-02-04,3220.62,true,2025-02-03
P000984,LOB02,R04,2024-04-18,9529.49,true,2025-04-17
P000985,LOB03,R02,2024-03-04,4678.38,true,2025-03-03
P000986,LOB03,R01,2024-04-21,26801.88,false,2025-04-20
P000987,LOB03,R02,2024-03-26,6993.29,false,2025-03-25
P000988,LOB03,R04,2023-08-19,14896.83,false,2024-08-18
P000989,LOB01,R03,2023-06-29,19022.5,true,2024-06-28
P000990,LOB02,R01,2024-07-28,5580.55,false,2025-07-27
P000991,LOB02,R01,2023-09-08,10359.18,true,2024-09-07
P000992,LOB01,R02,2024-02-05,13795.27,true,2025-02-04
P000993,LOB04,R02,2023-05-24,10607.62,false,2024-05-23
P000994,LOB03,R01,2023-11-11,12291.47,false,2024-11-10
P000995,LOB01,R02,2024-01-22,4456.96,false,2025-01-21
P000996,LOB04,R02,2024-04-01,13799.97,true,2025-03-31
P000997,LOB03,R01,2024-01-20,7393.09,true,2025-01-19
P000998,LOB03,R01,2023-09-21,12205.85,false,2024-09-20
P000999,LOB02,R03,2024-12-03,17188.46,true,2025-12-02
P001000,LOB04,R04,2024-01-10,14783.77,false,2025-01-09
P001001,LOB02,R04,2024-08-13,12200.5,true,2025-08-12
P001002,LOB02,R03,2024-06-21,14548.99,true,2025-06-20
P001003,LOB01,R01,2024-02-12,14958.67,true,2025-02-11
P001004,LOB03,R04,2024-10-09,24277.39,false,2025-10-08
P001005,LOB03,R04,2023-04-04,9696.98,false,2024-04-03
P001006,LOB02,R02,2024-11-03,10920.25,true,2025-11-02
P001007,LOB02,R02,2024-09-12,17313.47,true,2025-09-11
P001008,LOB04,R01,2024-01-03,7374.38,false,2025-01-02
P001009,LOB03,R04,2024-06-19,4441.91,false,2025-06-18
P001010,LOB01,R04,2024-01-15,13305.57,true,2025-01-14
P001011,LOB04,R01,2023-07-16,8746.3,true,2024-07-15
P001012,LOB03,R03,2024-08-06,4795.74,false,2025-08-05
P001013,LOB04,R02,2023-06-29,13364.07,false,2024-06-28
P001014,LOB04,R03,2023-08-18,23357.65,true,2024-08-17
P001015,LOB04,R01,2024-01-15,3722.51,true,2025-01-14
P001016,LOB03,R04,2024-09-03,18276.93,true,2025-09-02
P001017,LOB03,R02,2023-10-08,2159.78,true,2024-10-07
P001018,LOB01,R04,2023-12-27,7784.02,true,2024-12-26
P001019,LOB02,R01,2023-01-31,29861.03,true,2024-01-30
P001020,LOB03,R03,2023-03-26,8127.47,true,2024-03-25
P001021,LOB02,R02,2023-02-10,10445.88,true,2024-02-09
P001022,LOB04,R04,2023-02-22,15642.08,false,2024-02-21
P001023,LOB01,R03,2024-09-26,3533.75,false,2025-09-25
P001024,LOB02,R03,2024-09-06,10334.64,false,2025-09-05
P001025,LOB02,R01,2024-08-22,10285.88,true,2025-08-21
P001026,LOB02,R03,2023-02-10,30254.27,false,2024-02-09
P001027,LOB01,R01,2023-02-26,4715.24,false,2024-02-25
P001028,LOB01,R02,2023-07-24,7872.07,false,2024-07-23
P001029,LOB04,R01,2024-02-17,5670.24,true,2025-02-16
P001030,LOB02,R01,2023-09-01,5320.66,true,2024-08-31
P001031,LOB01,R03,2023-12-22,19466.33,false,2024-12-21
P001032,LOB01,R01,2023-05-07,10056.67,true,2024-05-06
P001033,LOB02,R03,2024-06-17,7091.55,true,2025-06-16
P001034,LOB01,R04,2023-08-18,7253.88,true,2024-08-17
P001035,LOB03,R01,2023-02-18,7059.04,false,2024-02-17
P001036,LOB03,R03,2024-06-26,7448.13,false,2025-06-25
P001037,LOB01,R02,2024-10-21,4634.73,true,2025-10-20
P001038,LOB02,R02,2023-01-11,8474.04,false,2024-01-10
P001039,LOB01,R03,2023-11-15,7978.26,false,2024-11-14
P001040,LOB02,R03,2024-08-26,6281.24,true,2025-08-25
P001041,LOB04,R03,2024-05-30,10862.02,true,2025-05-29
P001042,LOB02,R01,2024-09-17,11429.28,true,2025-09-16
P001043,LOB04,R03,2023-10-31,7086.96,false,2024-10-30
P001044,LOB01,R02,2023-09-29,9077.19,false,2024-09-28
P001045,LOB02,R02,2024-06-01,36140.67,false,2025-05-31
P001046,LOB02,R04,2023-04-23,35321.95,false,2024-04-22
P001047,LOB02,R01,2023-06-24,5258.21,true,2024-06-23
P001048,LOB04,R02,2024-03-14,5717.75,false,2025-03-13
P001049,LOB01,R02,2024-05-02,5241.47,false,2025-05-01
P001050,LOB04,R01,2023-03-29,18661.77,false,2024-03-28
P001051,LOB04,R04,2024-01-07,7792.23,false,2025-01-06
P001052,LOB02,R02,2023-09-24,11427.8,true,2024-09-23
P001053,LOB02,R03,2024-01-02,32799.89,true,2025-01-01
P001054,LOB02,R02,2024-11-30,9835.18,true,2025-11-29
P001055,LOB01,R04,2023-02-25,15119.63,false,2024-02-24
P001056,LOB03,R03,2024-12-27,13524.42,false,2025-12-26
P001057,LOB02,R02,2023-11-25,6953.98,false,2024-11-24
P001058,LOB04,R04,2024-07-17,18685.39,true,2025-07-16
P001059,LOB03,R04,2023-11-06,5944.25,true,2024-11-05
P001060,LOB02,R03,2023-08-16,22113.15,true,2024-08-15
P001061,LOB03,R01,2024-07-16,6957.18,false,2025-07-15
P001062,LOB02,R03,2024-05-16,7429.54,false,2025-05-15
P001063,LOB04,R03,2023-04-16,5150.8,false,2024-04-15
P001064,LOB01,R02,2024-05-29,5684.19,false,2025-05-28
P001065,LOB04,R01,2024-07-03,7661.33,false,2025-07-02
P001066,LOB04,R03,2023-10-11,2301.21,true,2024-10-10
P001067,LOB04,R04,2024-11-06,8604.16,true,2025-11-05
P001068,LOB02,R02,2024-04-12,7296.98,true,2025-04-11
P001069,LOB04,R02,2023-09-01,15898.92,true,2024-08-31
P001070,LOB02,R01,2023-01-08,12756.4,false,2024-01-07
P001071,LOB03,R03,2024-05-07,6473.15,true,2025-05-06
P001072,LOB01,R04,2023-06-02,7516.6,false,2024-06-01
P001073,LOB02,R04,2024-07-06,8597.52,false,2025-07-05
P001074,LOB02,R02,2024-01-19,24138.76,false,2025-01-18
P001075,LOB02,R01,2023-12-07,6042.77,false,2024-12-06
P001076,LOB02,R02,2023-04-30,6426.23,true,2024-04-29
P001077,LOB04,R04,2024-06-03,5028.36,false,2025-06-02
P001078,LOB01,R01,2023-05-02,4067.47,true,2024-05-01
P001079,LOB03,R01,2023-11-01,11898.91,false,2024-10-31
P001080,LOB01,R04,2024-09-02,11178.44,false,2025-09-01
P001081,LOB03,R03,2024-11-02,21368.16,true,2025-11-01
P001082,LOB03,R01,2024-12-23,18487.41,true,2025-12-22
P001083,LOB02,R01,2024-11-30,41700.57,false,2025-11-29
P001084,LOB03,R02,2024-02-10,9468.03,false,2025-02-09
P001085,LOB04,R03,2023-05-27,8464.89,false,2024-05-26
P001086,LOB04,R04,2024-09-04,4536.29,true,2025-09-03
P001087,LOB02,R04,2024-08-08,15032.16,false,2025-08-07
P001088,LOB02,R02,2024-12-23,10626.65,false,2025-12-22
P001089,LOB03,R02,2024-04-20,14628.98,true,2025-04-19
P001090,LOB01,R04,2023-04-14,4996.66,false,2024-04-13
P001091,LOB04,R04,2024-01-03,12221.63,false,2025-01-02
P001092,LOB02,R01,2023-11-24,11193.85,false,2024-11-23
P001093,LOB04,R03,2024-09-07,10758.17,true,2025-09-06
P001094,LOB01,R03,2023-10-14,6568.5,true,2024-10-13
P001095,LOB01,R01,2023-08-28,20203.17,false,2024-08-27
P001096,LOB04,R04,2023-02-28,33866.6,false,2024-02-27
P001097,LOB04,R02,2024-09-01,5083.69,true,2025-08-31
P001098,LOB04,R03,2024-07-05,15248.96,false,2025-07-04
P001099,LOB04,R02,2023-01-31,1760.39,true,2024-01-30
P001100,LOB02,R03,2023-11-13,14782.01,false,2024-11-12
P001101,LOB01,R04,2023-12-17,3222.48,true,2024-12-16
P001102,LOB01,R02,2023-12-09,7222.96,true,2024-12-08
P001103,LOB02,R02,2024-11-01,4501.59,false,2025-10-31
P001104,LOB01,R04,2023-04-20,8696.13,true,2024-04-19
P001105,LOB04,R04,2023-08-12,16371.15,false,2024-08-11
P001106,LOB01,R04,2023-05-13,3247.41,false,2024-05-12
P001107,LOB01,R04,2023-06-28,7976.96,true,2024-06-27
P001108,LOB01,R03,2024-10-24,7273.4,false,2025-10-23
P001109,LOB01,R04,2024-11-17,25556.05,false,2025-11-16
P001110,LOB01,R04,2023-02-02,12823.78,false,2024-02-01
P001111,LOB03,R01,2024-04-06,4883.76,false,2025-04-05
P001112,LOB02,R03,2023-06-19,7459.35,true,2024-06-18
P001113,LOB03,R01,2023-05-21,25176.41,true,2024-05-20
P001114,LOB04,R03,2023-08-02,15193.44,true,2024-08-01
P001115,LOB03,R02,2023-05-22,5704.78,false,2024-05-21
P001116,LOB03,R02,2023-12-24,8431.73,true,2024-12-23
P001117,LOB02,R04,2024-12-27,8594.99,true,2025-12-26
P001118,LOB01,R03,2024-03-04,7166.77,false,2025-03-03
P001119,LOB02,R03,2024-06-11,3547.05,true,2025-06-10
P001120,LOB04,R04,2023-12-27,6590.78,false,2024-12-26
P001121,LOB03,R01,2023-01-11,22777.3,false,2024-01-10
P001122,LOB01,R03,2023-03-03,7873.94,true,2024-03-02
P001123,LOB02,R01,2023-07-16,9302.59,true,2024-07-15
P001124,LOB04,R01,2023-06-27,10767.8,true,2024-06-26
P001125,LOB03,R01,2024-09-05,37454.6,false,2025-09-04
P001126,LOB02,R03,2024-09-07,9949.97,true,2025-09-06
P001127,LOB04,R03,2024-09-15,19079.45,false,2025-09-14
P001128,LOB03,R04,2024-04-10,6912.54,false,2025-04-09
P001129,LOB03,R02,2024-02-11,8470.63,true,2025-02-10
P001130,LOB01,R04,2024-04-18,9971.95,false,2025-04-17
P001131,LOB01,R02,2023-10-24,6219.97,false,2024-10-23
P001132,LOB04,R01,2024-05-04,8758.41,true,2025-05-03
P001133,LOB02,R01,2024-08-02,16862.21,false,2025-08-01
P001134,LOB02,R01,2024-07-10,6122.84,true,2025-07-09
P001135,LOB02,R02,2024-03-24,9897.66,false,2025-03-23
P001136,LOB01,R02,2023-02-12,15142.19,true,2024-02-11
P001137,LOB04,R04,2024-06-13,6034.94,false,2025-06-12
P001138,LOB01,R01,2023-09-25,19096.27,false,2024-09-24
P001139,LOB04,R02,2024-06-26,10339.53,false,2025-06-25
P001140,LOB02,R04,2024-01-29,8963.59,false,2025-01-28
P001141,LOB01,R01,2024-10-05,2966.42,true,2025-10-04
P001142,LOB01,R02,2023-09-05,7909.6,false,2024-09-04
P001143,LOB04,R01,2024-11-10,12369.08,true,2025-11-09
P001144,LOB01,R03,2024-09-08,28203.66,true,2025-09-07
P001145,LOB01,R04,2023-08-30,13915.15,true,2024-08-29
P001146,LOB03,R01,2023-12-19,19452.48,false,2024-12-18
P001147,LOB02,R02,2024-01-23,4791.21,false,2025-01-22
P001148,LOB02,R02,2024-07-15,9171.96,true,2025-07-14
P001149,LOB01,R04,2024-05-18,20587.67,false,2025-05-17
P001150,LOB04,R04,2024-09-13,5810.14,false,2025-09-12
P001151,LOB01,R01,2023-09-28,17661.34,true,2024-09-27
P001152,LOB01,R02,2024-01-04,15367.2,false,2025-01-03
P001153,LOB02,R04,2023-11-11,11670.67,false,2024-11-10
P001154,LOB01,R01,2024-10-25,8125.63,false,2025-10-24
P001155,LOB02,R04,2023-08-11,5476.51,false,2024-08-10
P001156,LOB01,R01,2024-03-04,28716.51,false,2025-03-03
P001157,LOB01,R03,2023-03-29,14459.65,true,2024-03-28
P001158,LOB02,R04,2024-09-12,12141.32,false,2025-09-11
P001159,LOB04,R03,2023-10-08,7725.56,true,2024-10-07
P001160,LOB01,R04,2023-09-06,10124.6,true,2024-09-05
P001161,LOB01,R03,2024-03-01,10925.23,true,2025-02-28
P001162,LOB04,R01,2023-12-31,12580.78,false,2024-12-30
P001163,LOB04,R03,2024-09-11,15376.63,true,2025-09-10
P001164,LOB03,R03,2024-01-23,6188.93,true,2025-01-22
P001165,LOB01,R02,2024-01-13,4105.33,true,2025-01-12
P001166,LOB02,R01,2023-03-18,10410.48,false,2024-03-17
P001167,LOB01,R03,2023-01-17,3469.17,true,2024-01-16
P001168,LOB01,R03,2023-10-18,8150.25,true,2024-10-17
P001169,LOB02,R04,2024-12-29,7291.66,true,2025-12-28
P001170,LOB02,R01,2024-10-31,13293.75,false,2025-10-30
P001171,LOB02,R03,2024-04-04,32518.3,true,2025-04-03
P001172,LOB03,R04,2024-04-05,3081.73,true,2025-04-04
P001173,LOB01,R04,2023-10-13,38735.47,false,2024-10-12
P001174,LOB02,R04,2023-05-10,8605.48,false,2024-05-09
P001175,LOB03,R01,2023-01-07,12193.83,false,2024-01-06
P001176,LOB04,R01,2023-09-05,4234.84,false,2024-09-04
P001177,LOB02,R03,2023-08-20,17999.93,false,2024-08-19
P001178,LOB02,R02,2023-05-20,10146.49,false,2024-05-19
P001179,LOB01,R01,2023-07-09,9538.77,false,2024-07-08
P001180,LOB01,R01,2023-01-19,3095.08,false,2024-01-18
P001181,LOB03,R01,2024-03-19,10345.2,false,2025-03-18
P001182,LOB01,R02,2024-11-08,16440.4,false,2025-11-07
P001183,LOB02,R03,2024-05-19,8588.96,true,2025-05-18
P001184,LOB02,R01,2023-11-24,20020.65,false,2024-11-23
P001185,LOB01,R01,2023-11-03,19530.59,false,2024-11-02
P001186,LOB01,R02,2023-08-13,6736.82,false,2024-08-12
P001187,LOB02,R04,2023-04-14,25772.63,true,2024-04-13
P001188,LOB04,R04,2024-03-12,10169.79,true,2025-03-11
P001189,LOB03,R02,2024-02-18,10196.98,false,2025-02-17
P001190,LOB02,R01,2023-01-06,10502.71,false,2024-01-05
P001191,LOB01,R01,2023-10-31,10317.42,true,2024-10-30
P001192,LOB03,R04,2023-07-22,2042.48,false,2024-07-21
P001193,LOB01,R02,2023-05-05,8854.63,true,2024-05-04
P001194,LOB02,R01,2024-05-28,4366.13,false,2025-05-27
P001195,LOB03,R04,2024-01-19,26259.98,false,2025-01-18
P001196,LOB02,R03,2024-04-07,25633.36,false,2025-04-06
P001197,LOB01,R02,2024-06-04,16500.78,true,2025-06-03
P001198,LOB01,R02,2024-12-17,8577.69,true,2025-12-16
P001199,LOB01,R01,2024-08-09,5405.6,true,2025-08-08
P001200,LOB02,R04,2024-03-28,6670.51,false,2025-03-27
P001201,LOB04,R04,2024-10-03,31748.0,false,2025-10-02
P001202,LOB01,R01,2023-12-15,6533.39,false,2024-12-14
P001203,LOB02,R03,2024-12-19,2408.22,false,2025-12-18
P001204,LOB03,R01,2024-07-09,18363.11,true,2025-07-08
P001205,LOB01,R02,2024-04-20,24350.36,true,2025-04-19
P001206,LOB01,R03,2024-10-21,26783.18,false,2025-10-20
P001207,LOB02,R01,2024-01-12,18453.49,false,2025-01-11
P001208,LOB03,R03,2024-06-10,20351.54,true,2025-06-09
P001209,LOB02,R01,2023-07-27,10216.51,false,2024-07-26
P001210,LOB03,R03,2024-12-04,2847.57,false,2025-12-03
P001211,LOB04,R02,2024-03-31,10064.09,true,2025-03-30
P001212,LOB03,R01,2024-07-24,14370.66,true,2025-07-23
P001213,LOB04,R04,2023-12-03,9125.59,false,2024-12-02
P001214,LOB03,R02,2024-09-24,8879.48,true,2025-09-23
P001215,LOB04,R04,2023-02-24,5549.87,true,2024-02-23
P001216,LOB04,R04,2023-03-25,5426.0,false,2024-03-24
P001217,LOB03,R01,2024-01-06,29818.64,false,2025-01-05
P001218,LOB04,R03,2024-06-18,30473.35,true,2025-06-17
P001219,LOB04,R02,2024-08-13,9881.42,true,2025-08-12
P001220,LOB02,R03,2023-11-18,11718.38,false,2024-11-17
P001221,LOB03,R03,2024-04-19,5494.4,true,2025-04-18
P001222,LOB02,R02,2024-02-08,14552.89,false,2025-02-07
P001223,LOB04,R03,2024-12-02,28446.76,false,2025-12-01
P001224,LOB02,R02,2024-04-22,3953.92,true,2025-04-21
P001225,LOB04,R04,2023-11-01,13073.34,false,2024-10-31
P001226,LOB03,R04,2024-12-08,13676.21,true,2025-12-07
P001227,LOB04,R01,2023-03-20,13582.86,false,2024-03-19
P001228,LOB01,R03,2024-12-19,26520.96,false,2025-12-18
P001229,LOB03,R04,2023-04-23,33577.48,true,2024-04-22
P001230,LOB03,R01,2023-07-30,8603.37,true,2024-07-29
P001231,LOB04,R03,2024-08-22,14822.54,false,2025-08-21
P001232,LOB04,R04,2024-06-19,10410.19,false,2025-06-18
P001233,LOB02,R01,2024-12-09,6773.21,true,2025-12-08
P001234,LOB02,R03,2024-07-01,11643.33,true,2025-06-30
P001235,LOB01,R04,2024-04-10,14807.66,true,2025-04-09
P001236,LOB04,R02,2023-09-10,11272.9,false,2024-09-09
P001237,LOB01,R01,2023-01-04,5833.03,true,2024-01-03
P001238,LOB03,R02,2023-04-01,7494.04,true,2024-03-31
P001239,LOB03,R02,2023-08-06,7528.53,true,2024-08-05
P001240,LOB02,R03,2023-01-30,5970.19,false,2024-01-29
P001241,LOB01,R02,2024-01-06,11945.67,false,2025-01-05
P001242,LOB01,R02,2024-07-21,12719.19,false,2025-07-20
P001243,LOB04,R04,2024-12-04,17813.48,false,2025-12-03
P001244,LOB02,R03,2023-12-24,5916.06,false,2024-12-23
P001245,LOB01,R04,2024-09-30,6998.93,true,2025-09-29
P001246,LOB03,R03,2024-12-20,25153.23,true,2025-12-19
P001247,LOB01,R04,2024-09-19,8966.96,true,2025-09-18
P001248,LOB04,R01,2023-12-06,10077.68,true,2024-12-05
P001249,LOB02,R04,2023-08-26,8910.07,false,2024-08-25
P001250,LOB01,R04,2024-12-14,19532.18,true,2025-12-13
P001251,LOB01,R01,2023-06-26,19991.95,false,2024-06-25
P001252,LOB02,R02,2023-10-28,19301.24,true,2024-10-27
P001253,LOB02,R02,2023-02-24,10056.16,false,2024-02-23
P001254,LOB03,R02,2024-08-02,5863.71,true,2025-08-01
P001255,LOB02,R04,2024-04-19,31417.74,true,2025-04-18
P001256,LOB02,R03,2023-03-03,16544.11,true,2024-03-02
P001257,LOB01,R01,2023-06-12,7525.14,false,2024-06-11
P001258,LOB01,R03,2024-02-10,23255.37,false,2025-02-09
P001259,LOB04,R04,2024-01-30,7176.98,false,2025-01-29
P001260,LOB01,R02,2024-08-08,23073.08,false,2025-08-07
P001261,LOB04,R04,2023-07-14,24027.9,false,2024-07-13
P001262,LOB02,R03,2024-11-06,5693.67,false,2025-11-05
P001263,LOB01,R04,2023-11-21,14031.43,true,2024-11-20
P001264,LOB01,R04,2024-08-23,15824.5,true,2025-08-22
P001265,LOB01,R01,2023-06-24,47521.88,true,2024-06-23
P001266,LOB03,R04,2023-01-27,6339.91,false,2024-01-26
P001267,LOB02,R01,2023-02-10,23377.42,false,2024-02-09
P001268,LOB02,R04,2023-09-30,10000.67,false,2024-09-29
P001269,LOB03,R04,2024-11-26,4699.36,false,2025-11-25
P001270,LOB03,R02,2023-02-05,9209.66,true,2024-02-04
P001271,LOB04,R01,2023-09-27,9911.78,false,2024-09-26
P001272,LOB04,R02,2023-03-21,5243.09,false,2024-03-20
P001273,LOB03,R02,2024-11-11,11935.88,false,2025-11-10
P001274,LOB04,R03,2024-05-07,17582.96,true,2025-05-06
P001275,LOB03,R01,2024-07-10,11417.7,true,2025-07-09
P001276,LOB02,R01,2024-06-04,7150.19,true,2025-06-03
P001277,LOB03,R02,2024-04-24,9053.59,false,2025-04-23
P001278,LOB01,R04,2024-07-18,9870.19,false,2025-07-17
P001279,LOB03,R02,2023-01-06,11275.56,true,2024-01-05
P001280,LOB04,R02,2024-09-23,19262.17,false,2025-09-22
P001281,LOB01,R01,2024-06-24,11651.19,false,2025-06-23
P001282,LOB04,R02,2024-06-23,4265.79,false,2025-06-22
P001283,LOB04,R02,2023-10-15,7062.87,false,2024-10-14
P001284,LOB01,R02,2024-08-07,10933.78,false,2025-08-06
P001285,LOB02,R02,2023-10-06,19428.08,false,2024-10-05
P001286,LOB04,R02,2023-02-05,21562.43,false,2024-02-04
P001287,LOB04,R03,2024-10-24,28704.56,true,2025-10-23
P001288,LOB01,R02,2023-06-21,10703.96,true,2024-06-20
P001289,LOB02,R04,2023-03-16,15646.23,false,2024-03-15
P001290,LOB03,R03,2024-03-29,4135.33,false,2025-03-28
P001291,LOB01,R03,2023-06-20,12809.33,false,2024-06-19
P001292,LOB02,R03,2024-09-18,5191.83,false,2025-09-17
P001293,LOB01,R04,2023-11-20,9532.64,false,2024-11-19
P001294,LOB01,R02,2023-01-04,60955.72,true,2024-01-03
P001295,LOB02,R04,2024-11-25,11874.31,true,2025-11-24
P001296,LOB03,R01,2024-01-11,5894.13,true,2025-01-10
P001297,LOB03,R01,2023-07-11,12640.65,true,2024-07-10
P001298,LOB03,R04,2024-05-09,7257.24,true,2025-05-08
P001299,LOB02,R04,2024-01-23,5561.11,false,2025-01-22
P001300,LOB01,R01,2023-01-22,34957.34,true,2024-01-21
P001301,LOB01,R03,2024-07-08,18771.35,false,2025-07-07
P001302,LOB01,R03,2023-10-20,12177.22,false,2024-10-19
P001303,LOB02,R01,2024-05-25,7823.65,true,2025-05-24
P001304,LOB01,R03,2024-10-15,8213.43,false,2025-10-14
P001305,LOB01,R03,2024-03-21,24971.47,false,2025-03-20
P001306,LOB01,R03,2024-05-05,11895.87,false,2025-05-04
P001307,LOB03,R03,2023-07-05,1556.69,false,2024-07-04
P001308,LOB03,R04,2023-06-23,42300.88,true,2024-06-22
P001309,LOB04,R01,2023-10-30,11046.15,true,2024-10-29
P001310,LOB03,R03,2024-09-14,12161.39,false,2025-09-13
P001311,LOB02,R02,2024-01-18,18996.63,true,2025-01-17
P001312,LOB01,R04,2023-09-12,13085.26,false,2024-09-11
P001313,LOB02,R02,2024-07-23,15493.02,true,2025-07-22
P001314,LOB01,R04,2024-09-14,7675.33,false,2025-09-13
P001315,LOB02,R03,2024-10-20,4732.09,false,2025-10-19
P001316,LOB02,R01,2023-08-07,11709.31,true,2024-08-06
P001317,LOB02,R04,2024-06-02,23364.4,true,2025-06-01
P001318,LOB01,R01,2024-03-06,6709.76,true,2025-03-05
P001319,LOB03,R02,2023-11-24,6394.45,false,2024-11-23
P001320,LOB04,R02,2023-10-17,20591.05,false,2024-10-16
P001321,LOB03,R03,2023-03-25,7522.49,true,2024-03-24
P001322,LOB03,R02,2023-07-20,7736.19,false,2024-07-19
P001323,LOB02,R03,2024-02-06,7911.82,true,2025-02-05
P001324,LOB01,R03,2024-10-09,9518.68,false,2025-10-08
P001325,LOB03,R01,2024-09-24,3849.96,false,2025-09-23
P001326,LOB02,R01,2023-05-17,7160.94,false,2024-05-16
P001327,LOB01,R02,2024-05-10,11364.17,false,2025-05-09
P001328,LOB02,R01,2023-03-03,11315.66,true,2024-03-02
P001329,LOB04,R04,2024-05-07,19826.92,true,2025-05-06
P001330,LOB03,R02,2023-09-07,29840.9,false,2024-09-06
P001331,LOB02,R02,2023-11-25,24526.02,true,2024-11-24
P001332,LOB03,R03,2024-06-07,17133.51,true,2025-06-06
P001333,LOB02,R04,2023-11-07,9052.17,true,2024-11-06
P001334,LOB02,R03,2024-08-12,6810.08,false,2025-08-11
P001335,LOB01,R03,2024-01-25,10003.87,false,2025-01-24
P001336,LOB02,R04,2024-12-30,14063.63,false,2025-12-29
P001337,LOB03,R04,2024-04-10,16206.42,true,2025-04-09
P001338,LOB01,R01,2023-08-05,14383.71,true,2024-08-04
P001339,LOB03,R01,2024-07-19,9203.09,true,2025-07-18
P001340,LOB01,R02,2023-10-25,15868.91,false,2024-10-24
P001341,LOB03,R04,2024-01-25,21089.35,true,2025-01-24
P001342,LOB03,R04,2023-04-10,16782.57,false,2024-04-09
P001343,LOB03,R03,2023-03-29,9708.84,false,2024-03-28
P001344,LOB03,R03,2024-02-24,6001.06,false,2025-02-23
P001345,LOB04,R01,2023-05-17,5916.26,false,2024-05-16
P001346,LOB02,R03,2024-12-29,6576.58,false,2025-12-28
P001347,LOB03,R01,2024-09-16,11547.74,false,2025-09-15
P001348,LOB03,R03,2024-05-26,13519.42,true,2025-05-25
P001349,LOB01,R01,2024-06-20,4235.6,false,2025-06-19
P001350,LOB01,R01,2024-03-10,7314.42,false,2025-03-09
P001351,LOB02,R04,2023-02-14,11452.59,false,2024-02-13
P001352,LOB01,R04,2023-10-14,5768.64,true,2024-10-13
P001353,LOB02,R03,2023-12-28,12840.28,false,2024-12-27
P001354,LOB02,R03,2024-10-30,8230.01,false,2025-10-29
P001355,LOB03,R01,2023-06-10,6412.14,false,2024-06-09
P001356,LOB01,R03,2023-12-29,10218.17,false,2024-12-28
P001357,LOB04,R03,2023-09-09,12523.58,false,2024-09-08
P001358,LOB02,R03,2023-04-09,5948.43,true,2024-04-08
P001359,LOB03,R02,2023-03-17,8556.38,false,2024-03-16
P001360,LOB01,R02,2023-09-24,13103.14,true,2024-09-23
P001361,LOB02,R04,2023-03-02,6265.08,false,2024-03-01
P001362,LOB01,R02,2023-02-19,3660.47,false,2024-02-18
P001363,LOB03,R04,2023-09-14,3936.53,true,2024-09-13
P001364,LOB02,R04,2023-05-28,7701.49,true,2024-05-27
P001365,LOB04,R04,2024-02-10,4487.04,false,2025-02-09
P001366,LOB02,R03,2023-01-13,8033.43,false,2024-01-12
P001367,LOB02,R01,2023-08-09,26875.37,false,2024-08-08
P001368,LOB01,R01,2023-11-27,4327.91,true,2024-11-26
P001369,LOB03,R03,2024-12-04,8353.51,false,2025-12-03
P001370,LOB02,R02,2024-04-08,35574.44,true,2025-04-07
P001371,LOB02,R01,2024-10-04,12643.24,true,2025-10-03
P001372,LOB01,R04,2023-09-08,7937.6,false,2024-09-07
P001373,LOB01,R04,2023-11-25,9008.02,true,2024-11-24
P001374,LOB01,R02,2023-11-03,12805.34,false,2024-11-02
P001375,LOB04,R03,2024-10-09,27377.13,true,2025-10-08
P001376,LOB02,R02,2024-12-01,7197.49,true,2025-11-30
P001377,LOB01,R02,2024-12-03,6281.94,false,2025-12-02
P001378,LOB04,R03,2024-07-02,4327.37,true,2025-07-01
P001379,LOB01,R02,2024-01-03,10528.67,true,2025-01-02
P001380,LOB02,R04,2024-01-30,4258.14,true,2025-01-29
P001381,LOB03,R01,2024-12-16,7493.04,true,2025-12-15
P001382,LOB04,R03,2023-07-27,5737.56,false,2024-07-26
P001383,LOB03,R04,2023-09-11,18853.88,true,2024-09-10
P001384,LOB02,R04,2024-10-16,7295.13,false,2025-10-15
P001385,LOB04,R01,2023-10-10,12558.57,false,2024-10-09
P001386,LOB01,R01,2023-06-21,3780.25,false,2024-06-20
P001387,LOB04,R03,2024-02-14,10709.69,false,2025-02-13
P001388,LOB04,R04,2023-08-26,4808.32,false,2024-08-25
P001389,LOB04,R04,2024-10-12,7666.46,false,2025-10-11
P001390,LOB01,R04,2024-10-25,37298.99,true,2025-10-24
P001391,LOB01,R01,2023-08-12,17314.59,false,2024-08-11
P001392,LOB03,R03,2024-01-22,9163.22,true,2025-01-21
P001393,LOB02,R03,2024-12-19,67465.06,false,2025-12-18
P001394,LOB02,R03,2024-06-25,5715.26,false,2025-06-24
P001395,LOB04,R04,2023-06-07,19913.04,true,2024-06-06
P001396,LOB03,R01,2024-03-07,3945.75,true,2025-03-06
P001397,LOB02,R02,2024-03-28,8549.66,true,2025-03-27
P001398,LOB02,R02,2024-04-22,4408.66,true,2025-04-21
P001399,LOB01,R04,2023-01-19,11549.13,false,2024-01-18
P001400,LOB01,R01,2023-08-07,10235.14,true,2024-08-06
P001401,LOB01,R02,2024-09-15,8228.85,false,2025-09-14
P001402,LOB04,R01,2023-06-26,19057.85,false,2024-06-25
P001403,LOB03,R01,2023-08-07,7042.66,true,2024-08-06
P001404,LOB02,R04,2023-08-24,12041.46,true,2024-08-23
P001405,LOB02,R04,2023-05-10,16192.98,true,2024-05-09
P001406,LOB03,R02,2023-04-24,4064.59,false,2024-04-23
P001407,LOB04,R03,2023-09-11,6316.69,true,2024-09-10
P001408,LOB04,R03,2024-09-30,10222.19,true,2025-09-29
P001409,LOB02,R04,2023-01-02,14444.83,false,2024-01-01
P001410,LOB04,R02,2023-07-26,23219.38,false,2024-07-25
P001411,LOB02,R04,2023-02-14,8694.73,true,2024-02-13
P001412,LOB02,R02,2024-02-14,8185.48,false,2025-02-13
P001413,LOB04,R03,2023-07-02,5863.15,false,2024-07-01
P001414,LOB02,R02,2024-08-01,12064.11,false,2025-07-31
P001415,LOB02,R03,2024-03-03,8281.09,true,2025-03-02
P001416,LOB02,R02,2024-07-26,8396.59,false,2025-07-25
P001417,LOB02,R04,2024-04-08,9355.01,true,2025-04-07
P001418,LOB02,R03,2023-11-17,13780.05,false,2024-11-16
P001419,LOB03,R02,2024-09-20,7056.9,true,2025-09-19
P001420,LOB02,R04,2023-12-14,6227.34,false,2024-12-13
P001421,LOB01,R03,2024-11-24,12823.5,false,2025-11-23
P001422,LOB04,R02,2024-12-27,1610.93,false,2025-12-26
P001423,LOB02,R01,2024-03-05,6889.77,false,2025-03-04
P001424,LOB04,R04,2024-05-07,4960.26,true,2025-05-06
P001425,LOB01,R04,2023-07-06,20372.78,true,2024-07-05
P001426,LOB02,R03,2024-08-17,7596.48,false,2025-08-16
P001427,LOB02,R04,2024-05-05,7069.68,true,2025-05-04
P001428,LOB04,R03,2024-10-20,9612.57,true,2025-10-19
P001429,LOB01,R01,2023-07-14,6924.19,false,2024-07-13
P001430,LOB04,R01,2024-07-28,7773.0,true,2025-07-27
P001431,LOB02,R01,2023-12-10,10490.93,true,2024-12-09
P001432,LOB02,R01,2023-05-16,7683.08,false,2024-05-15
P001433,LOB02,R03,2023-05-05,7650.07,false,2024-05-04
P001434,LOB01,R04,2024-02-15,5398.66,false,2025-02-14
P001435,LOB02,R01,2023-08-22,4952.91,true,2024-08-21
P001436,LOB01,R03,2023-03-16,10263.84,false,2024-03-15
P001437,LOB02,R01,2023-11-08,11896.03,false,2024-11-07
P001438,LOB03,R02,2024-04-21,4201.12,true,2025-04-20
P001439,LOB02,R04,2023-08-21,15614.65,false,2024-08-20
P001440,LOB01,R04,2024-11-28,15653.17,false,2025-11-27
P001441,LOB01,R04,2024-07-23,17761.94,false,2025-07-22
P001442,LOB01,R02,2024-01-10,11848.23,true,2025-01-09
P001443,LOB01,R04,2024-11-13,14505.01,false,2025-11-12
P001444,LOB03,R04,2023-11-13,36717.75,true,2024-11-12
P001445,LOB01,R02,2023-04-12,8259.23,true,2024-04-11
P001446,LOB04,R02,2023-01-27,5284.77,true,2024-01-26
P001447,LOB01,R01,2024-11-15,3942.48,false,2025-11-14
P001448,LOB01,R04,2024-12-01,28378.99,true,2025-11-30
P001449,LOB04,R01,2024-06-23,28603.16,false,2025-06-22
P001450,LOB01,R02,2023-03-17,5683.03,false,2024-03-16
P001451,LOB02,R02,2023-08-03,6397.15,true,2024-08-02
P001452,LOB04,R01,2023-01-30,8148.63,false,2024-01-29
P001453,LOB04,R04,2023-02-07,20631.08,false,2024-02-06
P001454,LOB03,R03,2023-06-29,4571.6,true,2024-06-28
P001455,LOB01,R01,2024-02-22,3041.26,false,2025-02-21
P001456,LOB02,R01,2023-02-17,36333.98,false,2024-02-16
P001457,LOB04,R01,2024-12-19,11937.31,false,2025-12-18
P001458,LOB04,R04,2023-11-29,12999.26,false,2024-11-28
P001459,LOB01,R02,2023-07-12,8751.11,false,2024-07-11
P001460,LOB02,R03,2024-01-12,13088.26,false,2025-01-11
P001461,LOB02,R01,2024-07-30,3989.72,true,2025-07-29
P001462,LOB01,R01,2023-08-17,5975.65,true,2024-08-16
P001463,LOB03,R03,2023-02-04,10541.71,false,2024-02-03
P001464,LOB01,R01,2023-02-07,2533.77,true,2024-02-06
P001465,LOB02,R03,2024-09-13,8254.3,true,2025-09-12
P001466,LOB01,R04,2023-03-23,7954.57,true,2024-03-22
P001467,LOB02,R02,2024-04-08,8253.44,false,2025-04-07
P001468,LOB01,R03,2023-10-08,7110.66,false,2024-10-07
P001469,LOB02,R04,2024-07-21,5445.06,true,2025-07-20
P001470,LOB01,R04,2023-02-14,3316.88,true,2024-02-13
P001471,LOB04,R01,2024-10-17,10795.11,true,2025-10-16
P001472,LOB01,R01,2024-05-24,8266.16,true,2025-05-23
P001473,LOB02,R04,2023-11-24,4336.54,false,2024-11-23
P001474,LOB01,R04,2023-06-01,10275.52,true,2024-05-31
P001475,LOB01,R02,2024-12-14,8291.86,false,2025-12-13
P001476,LOB01,R03,2023-08-09,7505.46,true,2024-08-08
P001477,LOB01,R03,2023-12-25,2713.14,true,2024-12-24
P001478,LOB01,R03,2023-10-15,14908.11,false,2024-10-14
P001479,LOB02,R04,2023-06-18,4722.86,true,2024-06-17
P001480,LOB03,R02,2023-11-01,10280.07,true,2024-10-31
P001481,LOB01,R04,2023-04-21,6093.87,true,2024-04-20
P001482,LOB02,R01,2023-01-02,7838.2,false,2024-01-01
P001483,LOB02,R01,2023-07-31,19759.22,true,2024-07-30
P001484,LOB01,R04,2023-03-23,13615.59,false,2024-03-22
P001485,LOB02,R01,2023-10-30,19497.16,false,2024-10-29
P001486,LOB01,R04,2024-09-21,12067.02,false,2025-09-20
P001487,LOB01,R02,2023-04-29,12552.64,false,2024-04-28
P001488,LOB02,R02,2023-01-01,3399.27,false,2023-12-31
P001489,LOB04,R01,2023-03-23,8180.31,false,2024-03-22
P001490,LOB04,R04,2024-01-06,8647.75,false,2025-01-05
P001491,LOB04,R02,2023-07-20,20623.76,false,2024-07-19
P001492,LOB02,R01,2023-12-24,7304.62,false,2024-12-23
P001493,LOB01,R02,2023-01-22,11601.8,true,2024-01-21
P001494,LOB02,R01,2023-09-01,11332.78,false,2024-08-31
P001495,LOB01,R04,2023-10-27,19823.14,true,2024-10-26
P001496,LOB01,R01,2023-11-11,9133.95,false,2024-11-10
P001497,LOB01,R02,2024-02-07,16263.4,true,2025-02-06
P001498,LOB02,R02,2024-07-23,3558.45,true,2025-07-22
P001499,LOB02,R01,2023-12-08,3757.8,true,2024-12-07
P001500,LOB01,R01,2024-09-06,2514.91,true,2025-09-05
P001501,LOB03,R03,2024-01-22,15860.56,true,2025-01-21
P001502,LOB02,R02,2023-07-10,14826.93,true,2024-07-09
P001503,LOB04,R01,2023-06-17,16951.24,false,2024-06-16
P001504,LOB01,R01,2023-08-24,6591.81,true,2024-08-23
P001505,LOB02,R04,2024-03-12,7057.68,false,2025-03-11
P001506,LOB01,R03,2023-06-27,9203.8,false,2024-06-26
P001507,LOB02,R03,2024-10-29,23534.43,true,2025-10-28
P001508,LOB01,R04,2023-12-17,27345.22,true,2024-12-16
P001509,LOB01,R01,2024-09-22,15935.19,true,2025-09-21
P001510,LOB03,R03,2024-05-13,12071.61,true,2025-05-12
P001511,LOB01,R04,2023-09-01,22053.57,false,2024-08-31
P001512,LOB01,R01,2023-06-16,8488.73,false,2024-06-15
P001513,LOB04,R03,2024-06-27,7827.79,false,2025-06-26
P001514,LOB01,R04,2023-08-30,9159.87,true,2024-08-29
P001515,LOB02,R03,2023-06-30,5501.47,false,2024-06-29
P001516,LOB02,R01,2024-11-10,8910.58,true,2025-11-09
P001517,LOB01,R03,2023-12-19,5062.19,false,2024-12-18
P001518,LOB02,R04,2023-02-05,18306.38,false,2024-02-04
P001519,LOB01,R01,2023-12-28,13714.55,true,2024-12-27
P001520,LOB03,R03,2023-12-03,23335.65,false,2024-12-02
P001521,LOB01,R03,2024-09-22,3723.54,false,2025-09-21
P001522,LOB01,R02,2024-06-03,30977.55,false,2025-06-02
P001523,LOB02,R01,2023-05-20,3852.64,true,2024-05-19
P001524,LOB04,R01,2023-04-20,4822.34,false,2024-04-19
P001525,LOB03,R04,2024-03-16,6819.27,true,2025-03-15
P001526,LOB04,R04,2023-02-04,21690.56,true,2024-02-03
P001527,LOB03,R02,2023-08-21,11331.53,false,2024-08-20
P001528,LOB03,R04,2023-04-11,8550.14,true,2024-04-10
P001529,LOB02,R04,2023-01-16,6151.33,true,2024-01-15
P001530,LOB04,R03,2024-11-01,4334.84,false,2025-10-31
P001531,LOB02,R03,2023-03-07,19527.45,true,2024-03-06
P001532,LOB02,R04,2023-01-07,15981.44,false,2024-01-06
P001533,LOB03,R03,2024-11-12,22280.57,false,2025-11-11
P001534,LOB02,R04,2023-05-18,12557.72,true,2024-05-17
P001535,LOB01,R04,2024-08-19,2027.86,false,2025-08-18
P001536,LOB02,R01,2023-01-23,4690.29,false,2024-01-22
P001537,LOB02,R03,2023-04-23,13081.09,false,2024-04-22
P001538,LOB04,R03,2023-03-22,7928.11,false,2024-03-21
P001539,LOB02,R04,2024-05-30,7077.63,false,2025-05-29
P001540,LOB04,R02,2024-03-28,5105.45,false,2025-03-27
P001541,LOB02,R04,2023-12-14,17475.47,true,2024-12-13
P001542,LOB03,R02,2023-06-26,13013.15,true,2024-06-25
P001543,LOB01,R02,2023-03-06,13369.28,false,2024-03-05
P001544,LOB04,R01,2024-02-20,6767.17,false,2025-02-19
P001545,LOB02,R02,2023-06-18,11001.34,false,2024-06-17
P001546,LOB01,R04,2024-03-06,4435.26,true,2025-03-05
P001547,LOB01,R03,2024-05-16,9155.44,false,2025-05-15
P001548,LOB01,R03,2024-09-12,2171.65,true,2025-09-11
P001549,LOB02,R04,2023-12-27,3862.73,true,2024-12-26
P001550,LOB03,R02,2023-01-04,8156.85,false,2024-01-03
P001551,LOB04,R03,2023-07-24,41153.77,true,2024-07-23
P001552,LOB03,R02,2024-09-14,3359.52,false,2025-09-13
P001553,LOB02,R04,2024-01-25,4693.11,true,2025-01-24
P001554,LOB02,R02,2024-03-27,11271.86,false,2025-03-26
P001555,LOB04,R04,2023-12-01,28614.07,false,2024-11-30
P001556,LOB04,R03,2023-04-29,11173.54,true,2024-04-28
P001557,LOB01,R04,2024-10-16,15082.42,false,2025-10-15
P001558,LOB04,R04,2024-07-18,8082.35,false,2025-07-17
P001559,LOB02,R04,2024-12-27,7285.4,true,2025-12-26
P001560,LOB04,R02,2024-09-16,10397.4,false,2025-09-15
P001561,LOB04,R03,2023-08-01,6667.67,false,2024-07-31
P001562,LOB03,R02,2023-07-05,15284.0,true,2024-07-04
P001563,LOB01,R01,2023-07-01,3775.31,false,2024-06-30
P001564,LOB02,R03,2024-11-01,16881.81,true,2025-10-31
P001565,LOB01,R02,2024-02-11,10133.36,true,2025-02-10
P001566,LOB03,R02,2023-11-28,8700.78,true,2024-11-27
P001567,LOB01,R01,2024-12-07,3693.05,false,2025-12-06
P001568,LOB03,R03,2024-03-16,5497.93,false,2025-03-15
P001569,LOB04,R03,2024-10-25,20316.55,true,2025-10-24
P001570,LOB01,R01,2024-12-19,8732.79,true,2025-12-18
P001571,LOB02,R03,2023-02-27,11696.43,true,2024-02-26
P001572,LOB03,R01,2023-09-21,5838.8,false,2024-09-20
P001573,LOB02,R01,2024-06-19,9726.09,true,2025-06-18
P001574,LOB01,R02,2024-08-16,4344.69,true,2025-08-15
P001575,LOB01,R02,2023-04-19,10508.39,true,2024-04-18
P001576,LOB02,R04,2023-08-21,12362.02,false,2024-08-20
P001577,LOB03,R01,2024-02-05,11996.48,false,2025-02-04
P001578,LOB02,R02,2024-08-06,5755.14,false,2025-08-05
P001579,LOB01,R03,2023-03-24,8060.81,true,2024-03-23
P001580,LOB02,R01,2024-03-14,13661.22,false,2025-03-13
P001581,LOB02,R04,2023-08-05,8717.93,false,2024-08-04
P001582,LOB01,R03,2023-06-07,8329.98,false,2024-06-06
P001583,LOB03,R04,2024-01-12,31010.48,true,2025-01-11
P001584,LOB02,R04,2023-10-30,5593.76,true,2024-10-29
P001585,LOB02,R01,2024-04-09,18925.23,false,2025-04-08
P001586,LOB04,R02,2023-08-20,4950.24,true,2024-08-19
P001587,LOB02,R03,2024-08-23,14659.86,false,2025-08-22
P001588,LOB03,R01,2023-02-27,15136.91,true,2024-02-26
P001589,LOB01,R02,2024-09-21,7286.52,true,2025-09-20
P001590,LOB01,R03,2023-01-22,4767.2,false,2024-01-21
P001591,LOB01,R04,2024-06-21,3034.31,true,2025-06-20
P001592,LOB03,R02,2023-09-10,6842.66,true,2024-09-09
P001593,LOB04,R04,2023-10-07,13571.55,false,2024-10-06
P001594,LOB01,R03,2023-01-14,5184.47,true,2024-01-13
P001595,LOB01,R01,2024-05-27,10489.91,false,2025-05-26
P001596,LOB02,R02,2023-05-01,4081.18,true,2024-04-30
P001597,LOB02,R04,2024-04-26,8601.29,false,2025-04-25
P001598,LOB03,R01,2024-06-13,4972.98,false,2025-06-12
P001599,LOB03,R01,2024-09-09,9444.73,true,2025-09-08
P001600,LOB04,R02,2024-05-31,7327.23,false,2025-05-30
P001601,LOB01,R04,2023-08-09,4845.38,false,2024-08-08
P001602,LOB03,R03,2024-06-23,6665.34,false,2025-06-22
P001603,LOB02,R01,2024-08-25,5650.54,true,2025-08-24
P001604,LOB02,R02,2023-08-20,4499.16,false,2024-08-19
P001605,LOB04,R04,2023-04-01,18951.67,false,2024-03-31
P001606,LOB01,R01,2024-10-11,7973.63,false,2025-10-10
P001607,LOB03,R03,2023-04-18,2640.34,false,2024-04-17
P001608,LOB03,R02,2024-03-09,6809.21,false,2025-03-08
P001609,LOB04,R04,2023-06-22,17134.12,false,2024-06-21
P001610,LOB02,R04,2023-04-02,6267.83,false,2024-04-01
P001611,LOB02,R04,2024-07-20,24310.08,false,2025-07-19
P001612,LOB04,R01,2023-04-15,5919.47,false,2024-04-14
P001613,LOB03,R02,2024-05-04,13387.07,true,2025-05-03
P001614,LOB02,R03,2024-05-20,18434.57,false,2025-05-19
P001615,LOB03,R02,2023-02-13,12966.4,true,2024-02-12
P001616,LOB01,R03,2023-05-07,4338.59,false,2024-05-06
P001617,LOB02,R03,2024-08-02,5622.43,false,2025-08-01
P001618,LOB04,R02,2024-01-06,19971.12,false,2025-01-05
P001619,LOB02,R01,2023-03-30,6107.26,true,2024-03-29
P001620,LOB02,R04,2024-12-24,17772.47,false,2025-12-23
P001621,LOB04,R04,2023-07-13,7645.17,true,2024-07-12
P001622,LOB03,R04,2023-01-03,10773.69,false,2024-01-02
P001623,LOB04,R02,2024-11-05,4308.46,false,2025-11-04
P001624,LOB02,R02,2023-01-13,6870.82,false,2024-01-12
P001625,LOB04,R02,2024-02-08,5853.62,true,2025-02-07
P001626,LOB01,R01,2024-12-25,11331.7,false,2025-12-24
P001627,LOB02,R01,2024-02-26,10466.33,false,2025-02-25
P001628,LOB02,R02,2024-03-02,13063.66,false,2025-03-01
P001629,LOB03,R04,2023-10-11,7373.79,false,2024-10-10
P001630,LOB04,R01,2023-04-03,5663.87,false,2024-04-02
P001631,LOB03,R03,2024-02-23,11043.94,true,2025-02-22
P001632,LOB03,R03,2024-10-17,5336.08,true,2025-10-16
P001633,LOB02,R02,2023-03-08,18902.58,false,2024-03-07
P001634,LOB02,R04,2024-10-04,9239.9,false,2025-10-03
P001635,LOB02,R01,2023-10-30,8138.16,true,2024-10-29
P001636,LOB01,R04,2024-01-27,13059.95,false,2025-01-26
P001637,LOB02,R03,2023-05-01,9453.89,true,2024-04-30
P001638,LOB04,R02,2024-03-29,3659.82,true,2025-03-28
P001639,LOB03,R04,2023-05-14,5235.1,false,2024-05-13
P001640,LOB03,R02,2023-07-19,18669.1,false,2024-07-18
P001641,LOB02,R04,2024-06-10,10408.01,false,2025-06-09
P001642,LOB02,R01,2023-02-06,3608.54,true,2024-02-05
P001643,LOB01,R01,2023-11-23,12225.35,false,2024-11-22
P001644,LOB02,R03,2024-03-10,7075.86,false,2025-03-09
P001645,LOB02,R04,2023-04-07,5856.46,false,2024-04-06
P001646,LOB01,R01,2023-08-04,4979.46,true,2024-08-03
P001647,LOB01,R04,2023-09-08,18032.98,false,2024-09-07
P001648,LOB03,R04,2024-04-29,3043.31,true,2025-04-28
P001649,LOB02,R02,2024-12-13,5987.81,false,2025-12-12
P001650,LOB02,R04,2024-09-02,10636.81,false,2025-09-01
P001651,LOB01,R04,2023-05-19,25514.9,true,2024-05-18
P001652,LOB02,R01,2023-01-14,13798.5,true,2024-01-13
P001653,LOB02,R04,2023-02-07,5957.38,false,2024-02-06
P001654,LOB02,R03,2024-03-10,24775.54,false,2025-03-09
P001655,LOB02,R01,2023-04-25,4389.3,true,2024-04-24
P001656,LOB01,R03,2023-06-18,11605.12,true,2024-06-17
P001657,LOB04,R03,2024-09-10,13262.17,false,2025-09-09
P001658,LOB01,R04,2024-09-29,5833.26,true,2025-09-28
P001659,LOB02,R04,2024-09-04,15041.31,false,2025-09-03
P001660,LOB01,R02,2023-07-05,7271.12,false,2024-07-04
P001661,LOB02,R02,2024-03-28,15019.21,true,2025-03-27
P001662,LOB01,R01,2024-03-21,3282.11,false,2025-03-20
P001663,LOB04,R01,2023-05-16,12100.3,false,2024-05-15
P001664,LOB02,R03,2024-02-09,7729.01,false,2025-02-08
P001665,LOB03,R04,2024-01-19,19728.55,false,2025-01-18
P001666,LOB01,R01,2023-10-17,9639.38,true,2024-10-16
P001667,LOB01,R03,2024-07-02,20942.54,true,2025-07-01
P001668,LOB02,R03,2024-05-09,13420.89,false,2025-05-08
P001669,LOB02,R01,2024-01-24,9168.19,false,2025-01-23
P001670,LOB02,R01,2024-06-13,15876.6,true,2025-06-12
P001671,LOB04,R02,2024-07-11,15937.58,true,2025-07-10
P001672,LOB03,R03,2024-02-18,13136.45,false,2025-02-17
P001673,LOB04,R02,2023-07-15,2501.43,true,2024-07-14
P001674,LOB01,R04,2024-07-07,5488.79,false,2025-07-06
P001675,LOB03,R02,2024-06-07,22707.79,false,2025-06-06
P001676,LOB02,R01,2024-12-18,4658.42,true,2025-12-17
P001677,LOB03,R01,2023-04-20,16805.76,false,2024-04-19
P001678,LOB04,R02,2023-11-03,15121.48,true,2024-11-02
P001679,LOB03,R02,2024-11-05,6403.17,false,2025-11-04
P001680,LOB04,R03,2024-01-11,2989.5,false,2025-01-10
P001681,LOB03,R02,2024-11-19,7035.0,false,2025-11-18
P001682,LOB01,R01,2023-01-10,34434.32,false,2024-01-09
P001683,LOB03,R01,2023-01-26,5896.02,false,2024-01-25
P001684,LOB02,R03,2024-08-04,6145.32,false,2025-08-03
P001685,LOB04,R02,2023-09-19,5439.54,false,2024-09-18
P001686,LOB04,R03,2024-01-15,20514.16,true,2025-01-14
P001687,LOB01,R04,2023-11-09,8554.82,false,2024-11-08
P001688,LOB01,R02,2023-10-25,6798.49,false,2024-10-24
P001689,LOB01,R03,2024-11-16,23111.47,true,2025-11-15
P001690,LOB02,R04,2023-03-10,14012.38,false,2024-03-09
P001691,LOB01,R01,2024-07-17,5701.17,false,2025-07-16
P001692,LOB03,R03,2024-10-11,4749.76,false,2025-10-10
P001693,LOB02,R02,2024-04-24,19829.02,true,2025-04-23
P001694,LOB04,R03,2023-10-16,9997.33,false,2024-10-15
P001695,LOB01,R03,2023-04-27,3907.14,false,2024-04-26
P001696,LOB02,R01,2024-05-13,3395.24,true,2025-05-12
P001697,LOB01,R01,2023-12-09,5066.35,false,2024-12-08
P001698,LOB04,R01,2023-04-20,4704.66,false,2024-04-19
P001699,LOB01,R01,2023-09-20,2899.67,true,2024-09-19
P001700,LOB01,R01,2024-12-02,5116.86,false,2025-12-01
P001701,LOB01,R03,2023-07-13,5701.88,true,2024-07-12
P001702,LOB04,R04,2023-05-11,7498.0,false,2024-05-10
P001703,LOB01,R02,2024-05-12,27330.16,false,2025-05-11
P001704,LOB03,R04,2023-05-26,8432.88,false,2024-05-25
P001705,LOB03,R03,2024-11-02,8950.41,false,2025-11-01
P001706,LOB03,R04,2024-09-19,13434.12,true,2025-09-18
P001707,LOB01,R03,2024-12-18,8583.6,true,2025-12-17
P001708,LOB01,R01,2024-10-28,12582.87,false,2025-10-27
P001709,LOB02,R03,2023-06-27,11712.0,true,2024-06-26
P001710,LOB01,R03,2023-06-04,10652.53,true,2024-06-03
P001711,LOB03,R03,2023-09-08,52045.81,true,2024-09-07
P001712,LOB02,R04,2023-12-09,17097.29,false,2024-12-08
P001713,LOB02,R01,2024-10-04,5171.75,false,2025-10-03
P001714,LOB01,R03,2024-06-19,12358.92,true,2025-06-18
P001715,LOB02,R04,2024-04-15,6154.62,true,2025-04-14
P001716,LOB01,R01,2024-10-03,12935.75,true,2025-10-02
P001717,LOB03,R02,2024-04-16,4336.78,true,2025-04-15
P001718,LOB01,R04,2023-10-04,5091.52,true,2024-10-03
P001719,LOB04,R01,2023-10-29,12165.32,false,2024-10-28
P001720,LOB03,R01,2024-01-13,18008.54,false,2025-01-12
P001721,LOB01,R04,2023-03-06,13380.94,true,2024-03-05
P001722,LOB01,R01,2024-06-25,16522.37,false,2025-06-24
P001723,LOB02,R03,2024-04-21,12385.62,false,2025-04-20
P001724,LOB01,R04,2024-06-17,10976.34,true,2025-06-16
P001725,LOB01,R02,2024-01-25,7315.74,true,2025-01-24
P001726,LOB04,R02,2024-07-25,16119.76,false,2025-07-24
P001727,LOB03,R02,2024-11-24,18304.96,true,2025-11-23
P001728,LOB01,R02,2024-02-21,9529.34,false,2025-02-20
P001729,LOB02,R02,2023-11-21,9226.59,false,2024-11-20
P001730,LOB01,R03,2023-03-18,25715.35,false,2024-03-17
P001731,LOB04,R04,2024-07-22,9776.6,true,2025-07-21
P001732,LOB01,R04,2024-10-21,10356.93,true,2025-10-20
P001733,LOB03,R04,2024-05-25,13233.88,false,2025-05-24
P001734,LOB03,R01,2024-09-23,9333.04,false,2025-09-22
P001735,LOB01,R02,2024-09-20,6049.89,true,2025-09-19
P001736,LOB01,R04,2024-08-05,12416.47,false,2025-08-04
P001737,LOB02,R03,2024-01-03,9669.65,true,2025-01-02
P001738,LOB04,R02,2023-03-14,29892.11,false,2024-03-13
P001739,LOB02,R02,2023-01-03,15884.02,false,2024-01-02
P001740,LOB03,R01,2023-05-30,6923.73,false,2024-05-29
P001741,LOB03,R02,2023-11-11,15327.99,false,2024-11-10
P001742,LOB04,R02,2024-06-26,11905.07,false,2025-06-25
P001743,LOB02,R02,2023-11-29,21712.77,false,2024-11-28
P001744,LOB02,R03,2023-01-17,7225.18,true,2024-01-16
P001745,LOB03,R02,2023-06-03,11083.42,false,2024-06-02
P001746,LOB01,R01,2024-12-15,9325.84,true,2025-12-14
P001747,LOB04,R04,2024-12-22,10250.56,true,2025-12-21
P001748,LOB01,R02,2023-10-03,5818.98,false,2024-10-02
P001749,LOB01,R02,2024-08-10,13982.29,true,2025-08-09
P001750,LOB04,R03,2024-06-09,12718.06,true,2025-06-08
P001751,LOB02,R03,2024-11-10,21399.74,false,2025-11-09
P001752,LOB01,R03,2024-10-09,9837.77,true,2025-10-08
P001753,LOB01,R01,2024-04-03,7730.25,false,2025-04-02
P001754,LOB02,R03,2023-10-16,15892.09,true,2024-10-15
P001755,LOB04,R01,2024-04-02,6145.51,false,2025-04-01
P001756,LOB01,R04,2023-08-21,18977.15,false,2024-08-20
P001757,LOB01,R02,2023-09-12,18952.77,true,2024-09-11
P001758,LOB02,R02,2024-03-20,21043.93,false,2025-03-19
P001759,LOB04,R02,2024-02-22,12406.47,true,2025-02-21
P001760,LOB01,R02,2024-02-29,7391.62,true,2025-02-27
P001761,LOB04,R03,2023-10-08,10567.23,true,2024-10-07
P001762,LOB04,R02,2023-10-26,12432.15,true,2024-10-25
P001763,LOB01,R01,2023-01-08,7072.12,true,2024-01-07
P001764,LOB04,R03,2024-03-15,22023.6,false,2025-03-14
P001765,LOB03,R02,2024-02-25,14017.34,false,2025-02-24
P001766,LOB02,R01,2024-11-13,5794.51,false,2025-11-12
P001767,LOB02,R04,2024-01-04,30629.66,false,2025-01-03
P001768,LOB04,R02,2023-12-08,10492.68,true,2024-12-07
P001769,LOB03,R03,2023-02-19,5133.48,true,2024-02-18
P001770,LOB03,R01,2023-05-24,6014.01,true,2024-05-23
P001771,LOB04,R02,2023-09-04,24165.23,false,2024-09-03
P001772,LOB02,R02,2023-10-03,29584.06,false,2024-10-02
P001773,LOB04,R01,2023-09-22,18136.67,true,2024-09-21
P001774,LOB04,R04,2023-10-15,21841.89,true,2024-10-14
P001775,LOB01,R02,2024-07-15,20536.71,true,2025-07-14
P001776,LOB01,R03,2023-04-06,13823.84,false,2024-04-05
P001777,LOB02,R03,2023-08-31,12057.29,false,2024-08-30
P001778,LOB04,R02,2023-04-29,13683.12,false,2024-04-28
P001779,LOB01,R03,2023-08-13,15392.09,false,2024-08-12
P001780,LOB03,R03,2024-05-14,6342.58,true,2025-05-13
P001781,LOB01,R01,2023-02-04,15354.67,true,2024-02-03
P001782,LOB02,R03,2023-09-05,23746.02,false,2024-09-04
P001783,LOB03,R01,2023-01-18,8744.47,false,2024-01-17
P001784,LOB01,R02,2024-11-28,8201.33,true,2025-11-27
P001785,LOB04,R02,2024-06-14,13173.04,true,2025-06-13
P001786,LOB01,R02,2023-06-27,6702.3,true,2024-06-26
P001787,LOB04,R01,2023-05-25,4491.35,true,2024-05-24
P001788,LOB01,R03,2023-03-14,19705.07,true,2024-03-13
P001789,LOB04,R02,2023-12-12,7550.95,true,2024-12-11
P001790,LOB03,R01,2024-07-04,10007.29,false,2025-07-03
P001791,LOB01,R01,2024-03-02,6863.17,false,2025-03-01
P001792,LOB01,R03,2024-10-05,21291.28,false,2025-10-04
P001793,LOB01,R03,2023-09-08,16513.04,false,2024-09-07
P001794,LOB02,R03,2023-07-23,8566.0,false,2024-07-22
P001795,LOB04,R03,2023-12-15,4875.91,false,2024-12-14
P001796,LOB02,R04,2023-05-28,8037.25,true,2024-05-27
P001797,LOB02,R04,2024-12-13,13934.06,true,2025-12-12
P001798,LOB02,R04,2023-05-16,11083.15,true,2024-05-15
P001799,LOB02,R04,2023-12-16,10566.66,false,2024-12-15
P001800,LOB03,R04,2024-01-17,11237.59,true,2025-01-16
P001801,LOB02,R02,2023-02-11,15603.92,true,2024-02-10
P001802,LOB03,R03,2023-12-08,9651.65,false,2024-12-07
P001803,LOB04,R03,2023-11-28,12964.99,false,2024-11-27
P001804,LOB02,R01,2023-07-09,5474.46,false,2024-07-08
P001805,LOB01,R03,2023-04-04,45812.42,false,2024-04-03
P001806,LOB01,R03,2023-02-02,8347.22,false,2024-02-01
P001807,LOB02,R03,2023-01-07,11183.06,false,2024-01-06
P001808,LOB02,R04,2023-12-18,13903.27,true,2024-12-17
P001809,LOB04,R03,2023-03-07,7735.12,false,2024-03-06
P001810,LOB03,R04,2024-12-01,9943.7,false,2025-11-30
P001811,LOB02,R04,2023-06-28,9871.48,true,2024-06-27
P001812,LOB03,R04,2024-04-21,5719.16,false,2025-04-20
P001813,LOB01,R02,2024-05-06,12876.43,false,2025-05-05
P001814,LOB04,R01,2023-12-28,3679.26,false,2024-12-27
P001815,LOB01,R02,2024-10-07,28328.54,false,2025-10-06
P001816,LOB03,R03,2023-03-22,15927.18,true,2024-03-21
P001817,LOB04,R04,2023-06-20,14522.78,true,2024-06-19
P001818,LOB03,R04,2023-07-04,3491.25,true,2024-07-03
P001819,LOB04,R03,2023-04-09,6151.69,false,2024-04-08
P001820,LOB02,R03,2023-08-04,22779.29,false,2024-08-03
P001821,LOB04,R04,2023-08-17,119460.95,false,2024-08-16
P001822,LOB02,R03,2024-07-12,20268.34,false,2025-07-11
P001823,LOB03,R01,2023-08-09,18437.94,false,2024-08-08
P001824,LOB01,R03,2024-10-01,13561.42,true,2025-09-30
P001825,LOB01,R02,2024-07-18,5952.11,true,2025-07-17
P001826,LOB02,R03,2024-10-20,17981.6,false,2025-10-19
P001827,LOB01,R03,2023-03-18,5111.64,false,2024-03-17
P001828,LOB03,R02,2024-12-19,4786.95,true,2025-12-18
P001829,LOB04,R02,2024-03-24,4609.54,false,2025-03-23
P001830,LOB04,R01,2024-12-18,17772.96,false,2025-12-17
P001831,LOB01,R02,2023-09-17,9561.99,true,2024-09-16
P001832,LOB04,R04,2024-11-26,10514.55,false,2025-11-25
P001833,LOB01,R03,2024-03-05,9806.08,false,2025-03-04
P001834,LOB02,R04,2023-02-22,5037.02,false,2024-02-21
P001835,LOB04,R04,2023-10-27,6618.09,true,2024-10-26
P001836,LOB01,R04,2023-04-11,6820.88,true,2024-04-10
P001837,LOB01,R01,2024-11-18,4259.2,true,2025-11-17
P001838,LOB01,R02,2023-08-11,7313.48,false,2024-08-10
P001839,LOB02,R01,2023-06-12,5173.04,false,2024-06-11
P001840,LOB04,R01,2024-02-08,13997.1,false,2025-02-07
P001841,LOB01,R01,2023-11-07,14714.41,false,2024-11-06
P001842,LOB01,R02,2023-03-12,4554.25,true,2024-03-11
P001843,LOB02,R01,2024-08-19,8283.5,false,2025-08-18
P001844,LOB01,R04,2024-09-09,30140.83,true,2025-09-08
P001845,LOB03,R03,2024-06-26,5494.72,true,2025-06-25
P001846,LOB04,R03,2024-03-26,12784.42,false,2025-03-25
P001847,LOB03,R03,2023-10-21,10544.01,false,2024-10-20
P001848,LOB04,R04,2024-01-31,19067.35,false,2025-01-30
P001849,LOB02,R01,2024-01-16,11816.83,false,2025-01-15
P001850,LOB04,R02,2023-05-01,7640.53,true,2024-04-30
P001851,LOB01,R02,2023-03-01,10301.64,true,2024-02-29
P001852,LOB01,R03,2023-07-04,10392.32,true,2024-07-03
P001853,LOB03,R03,2023-11-28,9367.33,false,2024-11-27
P001854,LOB01,R04,2023-04-28,4485.18,false,2024-04-27
P001855,LOB04,R03,2023-03-19,20865.52,true,2024-03-18
P001856,LOB03,R01,2024-09-13,18767.09,false,2025-09-12
P001857,LOB04,R03,2023-10-01,5289.54,false,2024-09-30
P001858,LOB02,R04,2024-03-02,8263.18,false,2025-03-01
P001859,LOB02,R03,2024-01-18,8646.83,true,2025-01-17
P001860,LOB03,R03,2024-06-20,4944.78,true,2025-06-19
P001861,LOB01,R01,2024-06-24,3228.98,false,2025-06-23
P001862,LOB02,R01,2023-08-05,6618.63,false,2024-08-04
P001863,LOB03,R01,2024-09-10,7991.7,true,2025-09-09
P001864,LOB04,R01,2023-09-29,4168.29,true,2024-09-28
P001865,LOB03,R02,2024-09-01,11005.9,false,2025-08-31
P001866,LOB01,R04,2023-10-23,19884.86,false,2024-10-22
P001867,LOB02,R02,2023-03-23,16403.82,true,2024-03-22
P001868,LOB02,R03,2024-07-08,9172.72,false,2025-07-07
P001869,LOB01,R04,2023-01-23,3280.51,false,2024-01-22
P001870,LOB02,R04,2024-07-17,15205.64,true,2025-07-16
P001871,LOB01,R03,2023-02-01,10805.77,true,2024-01-31
P001872,LOB01,R04,2023-05-31,12766.89,false,2024-05-30
P001873,LOB02,R02,2024-03-16,31623.69,false,2025-03-15
P001874,LOB01,R02,2024-11-18,6033.68,true,2025-11-17
P001875,LOB02,R02,2023-10-26,1763.6,false,2024-10-25
P001876,LOB01,R04,2023-03-30,5260.22,false,2024-03-29
P001877,LOB03,R02,2023-06-20,13248.33,false,2024-06-19
P001878,LOB01,R04,2024-10-16,10058.32,true,2025-10-15
P001879,LOB04,R01,2024-06-14,4772.47,true,2025-06-13
P001880,LOB01,R01,2023-03-15,4222.44,true,2024-03-14
P001881,LOB02,R03,2023-10-08,8000.3,false,2024-10-07
P001882,LOB02,R04,2023-07-13,4686.04,false,2024-07-12
P001883,LOB01,R03,2023-05-10,13526.15,false,2024-05-09
P001884,LOB02,R02,2024-09-09,7732.16,true,2025-09-08
P001885,LOB04,R01,2024-03-26,6793.55,false,2025-03-25
P001886,LOB04,R02,2023-05-12,6279.43,false,2024-05-11
P001887,LOB02,R02,2024-04-20,11589.72,false,2025-04-19
P001888,LOB01,R02,2023-10-29,10153.42,true,2024-10-28
P001889,LOB03,R04,2023-02-14,11172.09,false,2024-02-13
P001890,LOB02,R04,2023-11-25,11026.73,true,2024-11-24
P001891,LOB01,R04,2023-05-16,9477.56,true,2024-05-15
P001892,LOB03,R01,2023-06-29,5324.75,false,2024-06-28
P001893,LOB02,R01,2024-10-03,6385.42,true,2025-10-02
P001894,LOB03,R02,2024-06-02,7810.27,true,2025-06-01
P001895,LOB02,R03,2023-04-08,34170.47,false,2024-04-07
P001896,LOB02,R03,2024-09-13,4405.89,true,2025-09-12
P001897,LOB01,R02,2024-02-24,7697.22,false,2025-02-23
P001898,LOB03,R01,2024-09-30,10498.21,false,2025-09-29
P001899,LOB01,R02,2024-06-29,8250.26,false,2025-06-28
P001900,LOB03,R04,2023-09-05,18852.14,true,2024-09-04
P001901,LOB03,R04,2024-01-26,8224.73,false,2025-01-25
P001902,LOB03,R04,2024-01-23,8597.92,false,2025-01-22
P001903,LOB01,R03,2024-06-09,16135.5,true,2025-06-08
P001904,LOB01,R01,2023-07-01,29331.78,false,2024-06-30
P001905,LOB02,R04,2023-09-01,23028.76,false,2024-08-31
P001906,LOB02,R01,2023-06-28,9118.02,true,2024-06-27
P001907,LOB04,R02,2023-08-05,9607.42,true,2024-08-04
P001908,LOB02,R04,2023-04-28,10178.49,false,2024-04-27
P001909,LOB04,R03,2023-01-27,10809.71,false,2024-01-26
P001910,LOB01,R01,2024-11-17,5952.65,false,2025-11-16
P001911,LOB02,R03,2023-02-24,17360.56,true,2024-02-23
P001912,LOB01,R01,2024-10-10,11203.32,true,2025-10-09
P001913,LOB03,R02,2023-01-03,9634.31,false,2024-01-02
P001914,LOB01,R04,2024-07-21,4616.13,false,2025-07-20
P001915,LOB01,R02,2023-08-28,10274.0,true,2024-08-27
P001916,LOB03,R04,2024-01-13,3178.21,false,2025-01-12
P001917,LOB02,R03,2023-07-26,6981.44,true,2024-07-25
P001918,LOB01,R03,2023-12-25,7059.58,true,2024-12-24
P001919,LOB01,R03,2023-11-26,11756.92,false,2024-11-25
P001920,LOB02,R03,2024-01-22,30574.15,true,2025-01-21
P001921,LOB02,R01,2023-10-15,13948.74,false,2024-10-14
P001922,LOB01,R04,2024-01-27,23600.93,true,2025-01-26
P001923,LOB03,R02,2024-08-25,14575.94,false,2025-08-24
P001924,LOB01,R03,2023-11-14,19438.91,true,2024-11-13
P001925,LOB02,R03,2023-09-21,30160.14,false,2024-09-20
P001926,LOB02,R03,2023-04-07,6379.84,false,2024-04-06
P001927,LOB01,R02,2023-09-20,6134.83,true,2024-09-19
P001928,LOB01,R04,2023-04-02,14783.79,true,2024-04-01
P001929,LOB01,R01,2023-05-14,9875.31,false,2024-05-13
P001930,LOB01,R03,2024-11-26,11296.09,true,2025-11-25
P001931,LOB02,R03,2023-03-07,8525.35,false,2024-03-06
P001932,LOB04,R03,2023-12-18,6920.51,false,2024-12-17
P001933,LOB04,R01,2024-09-01,26172.35,false,2025-08-31
P001934,LOB02,R02,2024-11-26,5115.77,true,2025-11-25
P001935,LOB02,R01,2023-04-18,14940.57,true,2024-04-17
P001936,LOB02,R03,2023-04-30,13555.36,true,2024-04-29
P001937,LOB04,R03,2023-09-29,3837.56,true,2024-09-28
P001938,LOB01,R03,2024-02-09,6012.11,true,2025-02-08
P001939,LOB01,R04,2024-12-01,6650.09,false,2025-11-30
P001940,LOB02,R02,2023-06-01,13887.58,true,2024-05-31
P001941,LOB01,R02,2023-05-01,7940.88,true,2024-04-30
P001942,LOB02,R02,2023-07-04,9401.7,true,2024-07-03
P001943,LOB04,R01,2024-09-30,4127.44,true,2025-09-29
P001944,LOB04,R04,2023-01-22,39956.52,false,2024-01-21
P001945,LOB01,R04,2023-10-05,10329.07,true,2024-10-04
P001946,LOB02,R02,2023-03-28,13351.72,false,2024-03-27
P001947,LOB02,R04,2023-04-25,7155.42,false,2024-04-24
P001948,LOB02,R01,2024-10-31,6690.36,true,2025-10-30
P001949,LOB02,R01,2023-01-02,31182.45,false,2024-01-01
P001950,LOB01,R02,2023-08-23,3133.69,true,2024-08-22
P001951,LOB04,R02,2024-10-30,11698.18,true,2025-10-29
P001952,LOB04,R01,2024-03-19,4784.31,false,2025-03-18
P001953,LOB03,R03,2023-02-22,7762.03,false,2024-02-21
P001954,LOB03,R04,2023-12-06,6748.96,true,2024-12-05
P001955,LOB02,R02,2024-12-09,5477.55,false,2025-12-08
P001956,LOB02,R02,2023-10-20,10109.85,true,2024-10-19
P001957,LOB01,R01,2024-01-21,2120.02,false,2025-01-20
P001958,LOB02,R02,2024-01-24,8190.31,false,2025-01-23
P001959,LOB01,R04,2024-04-27,9375.23,true,2025-04-26
P001960,LOB04,R04,2023-05-17,4378.38,false,2024-05-16
P001961,LOB02,R01,2024-09-04,24536.85,false,2025-09-03
P001962,LOB02,R01,2024-12-22,6927.99,true,2025-12-21
P001963,LOB02,R04,2023-04-15,8582.75,false,2024-04-14
P001964,LOB04,R01,2024-08-20,6937.3,false,2025-08-19
P001965,LOB01,R03,2024-08-19,9424.43,true,2025-08-18
P001966,LOB01,R04,2024-06-25,21696.07,false,2025-06-24
P001967,LOB01,R04,2023-09-28,43643.49,false,2024-09-27
P001968,LOB03,R03,2023-12-09,15481.23,false,2024-12-08
P001969,LOB04,R02,2024-09-04,19011.44,true,2025-09-03
P001970,LOB01,R04,2023-04-22,27718.53,false,2024-04-21
P001971,LOB04,R03,2024-08-27,11491.04,false,2025-08-26
P001972,LOB01,R04,2024-11-03,25391.01,false,2025-11-02
P001973,LOB03,R03,2024-05-12,15921.74,true,2025-05-11
P001974,LOB01,R04,2023-09-07,10790.19,false,2024-09-06
P001975,LOB02,R04,2024-02-13,12212.37,false,2025-02-12
P001976,LOB03,R01,2023-02-06,3318.11,true,2024-02-05
P001977,LOB02,R02,2024-11-11,11793.12,true,2025-11-10
P001978,LOB01,R04,2023-09-07,3919.63,false,2024-09-06
P001979,LOB04,R01,2023-02-11,3732.52,false,2024-02-10
P001980,LOB04,R03,2024-08-02,11111.4,false,2025-08-01
P001981,LOB02,R02,2024-04-25,5072.32,true,2025-04-24
P001982,LOB03,R01,2024-03-30,9854.98,false,2025-03-29
P001983,LOB03,R03,2023-02-09,10754.3,true,2024-02-08
P001984,LOB01,R04,2024-07-02,11046.07,false,2025-07-01
P001985,LOB04,R04,2024-04-10,5753.29,true,2025-04-09
P001986,LOB01,R02,2024-08-02,16970.12,true,2025-08-01
P001987,LOB03,R01,2024-08-26,9381.16,false,2025-08-25
P001988,LOB01,R04,2023-06-04,12895.65,false,2024-06-03
P001989,LOB01,R04,2023-06-03,4827.75,true,2024-06-02
P001990,LOB02,R03,2024-11-05,8892.86,true,2025-11-04
P001991,LOB02,R03,2024-01-23,19117.83,false,2025-01-22
P001992,LOB04,R03,2023-11-16,17713.93,false,2024-11-15
P001993,LOB04,R01,2023-07-29,6134.14,true,2024-07-28
P001994,LOB01,R01,2024-04-11,7134.27,false,2025-04-10
P001995,LOB01,R01,2024-07-04,5468.65,true,2025-07-03
P001996,LOB02,R04,2023-01-02,6675.19,false,2024-01-01
P001997,LOB02,R01,2024-02-08,4275.09,true,2025-02-07
P001998,LOB02,R03,2024-12-26,9109.69,true,2025-12-25
P001999,LOB04,R02,2023-07-24,14470.73,false,2024-07-23
P002000,LOB03,R01,2023-07-25,6179.35,true,2024-07-24
P002001,LOB01,R04,2024-10-03,9373.45,false,2025-10-02
P002002,LOB02,R01,2023-02-15,8670.67,true,2024-02-14
P002003,LOB03,R04,2023-10-18,18640.11,true,2024-10-17
P002004,LOB02,R04,2023-12-01,6857.13,false,2024-11-30
P002005,LOB01,R04,2024-08-05,7008.44,false,2025-08-04
P002006,LOB02,R01,2023-04-05,5957.39,true,2024-04-04
P002007,LOB02,R04,2023-11-13,5001.51,false,2024-11-12
P002008,LOB01,R03,2023-04-22,13595.73,true,2024-04-21
P002009,LOB03,R02,2024-07-28,9126.46,false,2025-07-27
P002010,LOB02,R03,2024-04-06,10228.02,true,2025-04-05
P002011,LOB02,R02,2023-12-29,21264.3,false,2024-12-28
P002012,LOB02,R02,2023-10-14,22009.92,true,2024-10-13
P002013,LOB04,R02,2023-04-22,3685.86,false,2024-04-21
P002014,LOB01,R03,2024-11-03,14598.89,false,2025-11-02
P002015,LOB01,R03,2024-04-17,11332.03,false,2025-04-16
P002016,LOB02,R01,2023-08-21,7502.9,true,2024-08-20
P002017,LOB02,R01,2023-10-30,12047.47,true,2024-10-29
P002018,LOB01,R04,2024-06-14,3512.8,true,2025-06-13
P002019,LOB03,R03,2024-06-09,23803.44,false,2025-06-08
P002020,LOB01,R04,2023-12-03,13480.05,true,2024-12-02
P002021,LOB01,R02,2023-08-10,5889.23,false,2024-08-09
P002022,LOB02,R02,2024-04-26,6965.7,true,2025-04-25
P002023,LOB03,R02,2024-04-25,3562.12,false,2025-04-24
P002024,LOB04,R03,2024-03-13,8197.84,false,2025-03-12
P002025,LOB03,R04,2023-02-23,7408.33,false,2024-02-22
P002026,LOB02,R03,2023-12-12,4469.06,false,2024-12-11
P002027,LOB03,R02,2024-03-24,15772.47,false,2025-03-23
P002028,LOB03,R04,2024-11-24,21291.82,false,2025-11-23
P002029,LOB01,R03,2024-01-19,9735.98,false,2025-01-18
P002030,LOB02,R02,2023-09-08,8238.82,false,2024-09-07
P002031,LOB03,R01,2024-02-10,12848.61,true,2025-02-09
P002032,LOB02,R03,2023-05-10,9781.19,true,2024-05-09
P002033,LOB03,R03,2023-03-08,5170.33,false,2024-03-07
P002034,LOB02,R04,2024-05-10,6690.16,false,2025-05-09
P002035,LOB02,R01,2024-12-20,8284.47,true,2025-12-19
P002036,LOB01,R01,2024-09-09,11486.32,true,2025-09-08
P002037,LOB03,R04,2024-03-02,9952.73,false,2025-03-01
P002038,LOB04,R03,2023-01-30,11228.63,true,2024-01-29
P002039,LOB01,R01,2024-12-22,3964.37,false,2025-12-21
P002040,LOB02,R01,2023-11-25,14751.95,false,2024-11-24
P002041,LOB01,R02,2023-07-31,9917.43,true,2024-07-30
P002042,LOB01,R03,2024-10-13,45781.05,true,2025-10-12
P002043,LOB04,R01,2024-06-28,7843.33,true,2025-06-27
P002044,LOB02,R02,2024-07-01,12016.97,true,2025-06-30
P002045,LOB02,R03,2023-07-22,54042.79,false,2024-07-21
P002046,LOB01,R04,2024-12-25,11119.49,false,2025-12-24
P002047,LOB04,R02,2023-11-27,9503.56,false,2024-11-26
P002048,LOB01,R02,2024-01-23,5474.45,true,2025-01-22
P002049,LOB03,R02,2024-07-02,24759.38,false,2025-07-01
P002050,LOB01,R01,2024-04-26,4937.13,true,2025-04-25
P002051,LOB01,R01,2023-05-06,12788.13,false,2024-05-05
P002052,LOB03,R04,2023-08-09,7449.24,true,2024-08-08
P002053,LOB01,R01,2023-09-21,8834.31,false,2024-09-20
P002054,LOB03,R04,2024-11-22,4211.78,false,2025-11-21
P002055,LOB01,R01,2024-06-05,22156.28,true,2025-06-04
P002056,LOB03,R03,2023-09-25,8377.64,false,2024-09-24
P002057,LOB03,R04,2024-06-20,4774.03,true,2025-06-19
P002058,LOB03,R03,2024-06-23,20986.07,true,2025-06-22
P002059,LOB01,R03,2023-10-15,7313.8,false,2024-10-14
P002060,LOB03,R02,2023-10-22,12097.62,false,2024-10-21
P002061,LOB04,R03,2024-10-14,16396.94,true,2025-10-13
P002062,LOB01,R03,2024-02-15,13153.2,true,2025-02-14
P002063,LOB01,R02,2023-04-20,2649.22,true,2024-04-19
P002064,LOB04,R01,2024-06-09,15021.14,false,2025-06-08
P002065,LOB01,R04,2024-03-06,9317.33,false,2025-03-05
P002066,LOB03,R01,2024-01-07,8124.04,true,2025-01-06
P002067,LOB03,R04,2024-06-13,9270.15,true,2025-06-12
P002068,LOB01,R04,2024-10-24,3766.8,false,2025-10-23
P002069,LOB02,R01,2023-08-30,11106.69,false,2024-08-29
P002070,LOB02,R03,2023-11-03,4364.96,true,2024-11-02
P002071,LOB02,R03,2023-05-19,8337.31,false,2024-05-18
P002072,LOB04,R01,2024-04-17,10869.96,true,2025-04-16
P002073,LOB01,R04,2023-10-21,18852.9,true,2024-10-20
P002074,LOB02,R01,2023-09-07,6052.53,false,2024-09-06
P002075,LOB04,R01,2024-05-23,23646.08,false,2025-05-22
P002076,LOB01,R04,2023-10-25,17467.76,true,2024-10-24
P002077,LOB04,R03,2023-12-05,7649.18,false,2024-12-04
P002078,LOB01,R01,2023-11-18,5088.56,false,2024-11-17
P002079,LOB02,R01,2023-07-08,4161.83,false,2024-07-07
P002080,LOB01,R02,2023-04-02,11649.89,false,2024-04-01
P002081,LOB03,R01,2024-08-26,6359.02,false,2025-08-25
P002082,LOB03,R01,2023-03-08,20325.15,false,2024-03-07
P002083,LOB04,R03,2023-08-26,6583.26,true,2024-08-25
P002084,LOB04,R01,2024-05-02,5765.21,false,2025-05-01
P002085,LOB03,R02,2023-04-06,11386.41,true,2024-04-05
P002086,LOB03,R02,2024-04-23,6557.55,false,2025-04-22
P002087,LOB02,R04,2024-06-19,9948.03,true,2025-06-18
P002088,LOB04,R04,2024-04-28,17882.78,true,2025-04-27
P002089,LOB03,R04,2023-08-11,10618.34,false,2024-08-10
P002090,LOB04,R02,2023-01-15,10642.16,true,2024-01-14
P002091,LOB01,R03,2024-10-09,11193.49,true,2025-10-08
P002092,LOB02,R03,2023-08-27,3583.66,true,2024-08-26
P002093,LOB03,R04,2024-08-10,12520.25,false,2025-08-09
P002094,LOB01,R03,2023-05-25,10893.91,true,2024-05-24
P002095,LOB01,R04,2023-04-29,16911.32,true,2024-04-28
P002096,LOB04,R03,2024-07-22,14235.39,false,2025-07-21
P002097,LOB02,R04,2024-11-17,8767.71,false,2025-11-16
P002098,LOB01,R03,2024-09-20,18387.67,false,2025-09-19
P002099,LOB02,R03,2024-07-02,8303.41,true,2025-07-01
P002100,LOB02,R03,2023-06-30,11479.23,false,2024-06-29
P002101,LOB03,R02,2024-10-28,8211.66,false,2025-10-27
P002102,LOB04,R03,2024-05-02,13056.67,false,2025-05-01
P002103,LOB04,R02,2023-05-06,7895.96,false,2024-05-05
P002104,LOB03,R03,2023-04-05,26596.4,true,2024-04-04
P002105,LOB03,R02,2024-09-27,33203.73,false,2025-09-26
P002106,LOB02,R04,2023-07-20,16720.03,false,2024-07-19
P002107,LOB04,R03,2024-07-13,24953.72,true,2025-07-12
P002108,LOB01,R03,2023-04-12,3930.3,true,2024-04-11
P002109,LOB01,R01,2023-07-24,4218.24,true,2024-07-23
P002110,LOB04,R04,2023-07-26,8160.52,false,2024-07-25
P002111,LOB04,R04,2023-07-25,10145.02,true,2024-07-24
P002112,LOB02,R01,2024-05-07,8787.41,false,2025-05-06
P002113,LOB03,R02,2024-10-29,3694.94,false,2025-10-28
P002114,LOB02,R03,2024-10-26,19750.91,true,2025-10-25
P002115,LOB02,R04,2024-06-25,36044.84,true,2025-06-24
P002116,LOB01,R03,2023-05-28,21345.42,true,2024-05-27
P002117,LOB01,R02,2024-12-02,18983.28,true,2025-12-01
P002118,LOB02,R02,2024-01-31,11335.24,false,2025-01-30
P002119,LOB02,R04,2024-02-03,5968.21,false,2025-02-02
P002120,LOB02,R04,2024-05-27,10337.33,false,2025-05-26
P002121,LOB01,R04,2024-07-15,35008.73,false,2025-07-14
P002122,LOB04,R02,2024-11-26,8012.89,true,2025-11-25
P002123,LOB03,R02,2024-03-01,7532.83,false,2025-02-28
P002124,LOB04,R01,2024-03-21,19232.99,false,2025-03-20
P002125,LOB01,R04,2024-06-28,20014.49,false,2025-06-27
P002126,LOB03,R04,2023-07-06,5950.67,true,2024-07-05
P002127,LOB04,R01,2023-08-13,8460.04,true,2024-08-12
P002128,LOB02,R01,2024-04-01,7323.6,false,2025-03-31
P002129,LOB01,R03,2023-02-16,10319.74,false,2024-02-15
P002130,LOB01,R02,2023-08-22,19191.29,true,2024-08-21
P002131,LOB01,R02,2024-06-08,6109.4,true,2025-06-07
P002132,LOB02,R02,2024-12-13,19030.51,false,2025-12-12
P002133,LOB02,R03,2024-01-15,10519.55,false,2025-01-14
P002134,LOB01,R04,2023-10-19,39963.24,false,2024-10-18
P002135,LOB03,R04,2023-11-18,11983.65,true,2024-11-17
P002136,LOB01,R02,2024-05-15,9338.01,true,2025-05-14
P002137,LOB02,R04,2024-02-02,13972.25,false,2025-02-01
P002138,LOB03,R03,2023-01-17,8084.57,false,2024-01-16
P002139,LOB01,R01,2024-01-29,3370.57,true,2025-01-28
P002140,LOB01,R04,2023-10-20,8567.12,false,2024-10-19
P002141,LOB01,R02,2024-05-26,8486.43,true,2025-05-25
P002142,LOB01,R03,2024-09-30,3807.05,false,2025-09-29
P002143,LOB02,R03,2024-12-03,9472.79,true,2025-12-02
P002144,LOB01,R04,2024-03-21,2863.31,false,2025-03-20
P002145,LOB01,R04,2023-09-22,8033.6,false,2024-09-21
P002146,LOB04,R04,2023-11-21,11454.73,true,2024-11-20
P002147,LOB04,R03,2023-05-09,10490.21,true,2024-05-08
P002148,LOB01,R02,2024-11-14,7733.82,true,2025-11-13
P002149,LOB02,R02,2024-09-10,9402.04,true,2025-09-09
P002150,LOB02,R04,2024-09-15,6183.02,false,2025-09-14
P002151,LOB04,R01,2023-08-28,9961.57,false,2024-08-27
P002152,LOB04,R03,2023-08-24,10248.14,true,2024-08-23
P002153,LOB01,R03,2024-09-17,5766.67,false,2025-09-16
P002154,LOB01,R01,2024-02-02,11621.59,true,2025-02-01
P002155,LOB02,R03,2024-05-29,11578.11,false,2025-05-28
P002156,LOB04,R02,2023-12-24,8957.75,false,2024-12-23
P002157,LOB04,R02,2023-11-20,42303.63,true,2024-11-19
P002158,LOB01,R03,2024-04-06,9095.9,false,2025-04-05
P002159,LOB02,R01,2024-08-16,8370.42,false,2025-08-15
P002160,LOB01,R01,2023-09-01,7681.45,true,2024-08-31
P002161,LOB03,R02,2024-08-13,5527.2,false,2025-08-12
P002162,LOB04,R03,2023-06-28,14936.13,true,2024-06-27
P002163,LOB02,R01,2023-10-22,6556.76,true,2024-10-21
P002164,LOB01,R02,2024-10-28,7039.07,false,2025-10-27
P002165,LOB02,R02,2024-11-27,7165.66,true,2025-11-26
P002166,LOB02,R03,2024-11-05,5480.95,true,2025-11-04
P002167,LOB04,R02,2023-08-19,3461.13,true,2024-08-18
P002168,LOB02,R01,2024-09-07,7496.83,true,2025-09-06
P002169,LOB04,R03,2024-11-14,16713.99,true,2025-11-13
P002170,LOB01,R04,2024-12-15,11138.78,true,2025-12-14
P002171,LOB01,R03,2023-01-16,25244.03,false,2024-01-15
P002172,LOB02,R02,2024-06-27,15530.7,false,2025-06-26
P002173,LOB01,R02,2024-12-28,13553.21,false,2025-12-27
P002174,LOB01,R01,2024-07-12,30625.53,false,2025-07-11
P002175,LOB03,R01,2023-06-20,9336.74,true,2024-06-19
P002176,LOB01,R02,2024-07-10,10278.87,false,2025-07-09
P002177,LOB01,R03,2023-03-18,9829.28,false,2024-03-17
P002178,LOB01,R02,2023-12-17,24991.02,false,2024-12-16
P002179,LOB01,R04,2024-04-02,9912.08,false,2025-04-01
P002180,LOB04,R03,2023-11-30,6707.85,true,2024-11-29
P002181,LOB04,R01,2024-05-25,14081.33,true,2025-05-24
P002182,LOB01,R03,2023-06-25,6064.72,false,2024-06-24
P002183,LOB03,R03,2024-03-18,13630.74,false,2025-03-17
P002184,LOB03,R01,2024-04-15,12686.64,false,2025-04-14
P002185,LOB04,R02,2024-04-07,8833.96,false,2025-04-06
P002186,LOB02,R04,2023-07-31,13897.82,true,2024-07-30
P002187,LOB01,R02,2023-08-11,4053.46,true,2024-08-10
P002188,LOB02,R02,2023-07-08,10913.73,false,2024-07-07
P002189,LOB04,R01,2023-12-04,7497.62,true,2024-12-03
P002190,LOB03,R01,2024-03-03,55124.97,false,2025-03-02
P002191,LOB02,R02,2023-09-22,10867.1,false,2024-09-21
P002192,LOB01,R04,2023-10-27,6919.96,true,2024-10-26
P002193,LOB03,R04,2023-07-29,4328.68,true,2024-07-28
P002194,LOB04,R03,2023-06-09,21660.46,false,2024-06-08
P002195,LOB02,R04,2024-04-24,8022.3,false,2025-04-23
P002196,LOB03,R03,2024-08-18,6156.04,false,2025-08-17
P002197,LOB02,R03,2023-08-01,12109.91,true,2024-07-31
P002198,LOB02,R02,2024-09-20,14615.4,true,2025-09-19
P002199,LOB02,R01,2024-02-21,14477.8,true,2025-02-20
P002200,LOB03,R02,2023-05-03,10015.11,true,2024-05-02
P002201,LOB04,R04,2023-09-25,10889.06,true,2024-09-24
P002202,LOB02,R03,2023-01-06,11375.56,false,2024-01-05
P002203,LOB02,R04,2023-01-29,12110.62,true,2024-01-28
P002204,LOB02,R01,2023-09-03,12770.99,false,2024-09-02
P002205,LOB01,R01,2023-11-28,19085.26,false,2024-11-27
P002206,LOB01,R02,2024-08-05,10237.87,false,2025-08-04
P002207,LOB01,R02,2023-04-09,6062.75,false,2024-04-08
P002208,LOB02,R04,2024-09-04,9076.33,true,2025-09-03
P002209,LOB01,R02,2023-06-21,15557.04,false,2024-06-20
P002210,LOB02,R03,2023-04-11,3388.3,true,2024-04-10
P002211,LOB03,R03,2024-05-25,3400.06,true,2025-05-24
P002212,LOB01,R02,2024-07-19,17170.8,false,2025-07-18
P002213,LOB03,R04,2024-03-17,24638.7,true,2025-03-16
P002214,LOB04,R01,2023-03-26,4632.63,true,2024-03-25
P002215,LOB02,R01,2023-03-26,10512.03,false,2024-03-25
P002216,LOB01,R03,2023-10-12,7787.48,false,2024-10-11
P002217,LOB02,R03,2023-11-25,8463.36,true,2024-11-24
P002218,LOB02,R02,2024-12-29,11888.4,true,2025-12-28
P002219,LOB02,R04,2023-07-29,4556.35,true,2024-07-28
P002220,LOB01,R01,2023-05-21,5093.24,false,2024-05-20
P002221,LOB02,R02,2024-11-21,8260.57,false,2025-11-20
P002222,LOB02,R01,2023-04-23,9070.43,true,2024-04-22
P002223,LOB01,R01,2023-01-20,5036.3,false,2024-01-19
P002224,LOB03,R03,2023-11-05,15895.46,false,2024-11-04
P002225,LOB01,R03,2023-10-20,7703.76,false,2024-10-19
P002226,LOB02,R03,2024-03-28,7684.11,false,2025-03-27
P002227,LOB04,R04,2024-10-02,11726.37,false,2025-10-01
P002228,LOB01,R01,2024-11-12,9160.49,false,2025-11-11
P002229,LOB03,R03,2023-07-31,16358.22,false,2024-07-30
P002230,LOB02,R01,2024-12-16,5653.03,true,2025-12-15
P002231,LOB02,R04,2024-04-06,4279.4,true,2025-04-05
P002232,LOB04,R03,2023-02-20,8218.37,true,2024-02-19
P002233,LOB02,R04,2024-11-16,10261.37,false,2025-11-15
P002234,LOB01,R03,2023-04-11,4701.07,true,2024-04-10
P002235,LOB04,R02,2024-03-05,4304.21,false,2025-03-04
P002236,LOB03,R03,2024-07-31,11041.09,true,2025-07-30
P002237,LOB03,R04,2023-07-02,6281.3,false,2024-07-01
P002238,LOB01,R01,2023-07-17,4140.17,true,2024-07-16
P002239,LOB01,R04,2023-12-14,17662.6,false,2024-12-13
P002240,LOB03,R03,2024-10-07,6774.52,true,2025-10-06
P002241,LOB01,R01,2023-06-13,19729.83,false,2024-06-12
P002242,LOB01,R04,2024-04-29,10067.65,false,2025-04-28
P002243,LOB03,R01,2023-11-27,11811.81,true,2024-11-26
P002244,LOB01,R03,2023-03-23,8717.61,false,2024-03-22
P002245,LOB01,R01,2024-06-02,2012.04,false,2025-06-01
P002246,LOB01,R01,2024-08-30,5003.68,false,2025-08-29
P002247,LOB02,R03,2024-02-25,9178.09,false,2025-02-24
P002248,LOB03,R03,2023-05-09,12318.25,false,2024-05-08
P002249,LOB04,R03,2023-04-24,3381.91,false,2024-04-23
P002250,LOB01,R02,2023-11-06,9583.89,false,2024-11-05
P002251,LOB01,R04,2024-01-05,5047.47,false,2025-01-04
P002252,LOB02,R01,2024-02-08,11393.2,false,2025-02-07
P002253,LOB02,R04,2023-06-27,9782.59,true,2024-06-26
P002254,LOB02,R02,2024-01-01,15461.39,true,2024-12-31
P002255,LOB04,R03,2023-08-04,18771.48,false,2024-08-03
P002256,LOB02,R04,2024-05-15,13035.01,false,2025-05-14
P002257,LOB02,R02,2024-08-04,16584.7,false,2025-08-03
P002258,LOB04,R02,2024-04-21,8020.81,false,2025-04-20
P002259,LOB01,R04,2023-01-01,53845.3,false,2023-12-31
P002260,LOB04,R04,2024-12-25,4763.36,true,2025-12-24
P002261,LOB02,R01,2023-01-18,7210.88,false,2024-01-17
P002262,LOB02,R03,2024-12-30,16997.39,true,2025-12-29
P002263,LOB04,R02,2023-01-24,15547.15,false,2024-01-23
P002264,LOB02,R03,2024-01-13,13259.02,false,2025-01-12
P002265,LOB02,R02,2023-03-19,14841.63,true,2024-03-18
P002266,LOB01,R01,2023-03-11,2835.19,false,2024-03-10
P002267,LOB03,R04,2024-05-13,25682.86,false,2025-05-12
P002268,LOB02,R03,2024-06-15,8757.5,true,2025-06-14
P002269,LOB01,R02,2023-03-28,20900.67,false,2024-03-27
P002270,LOB03,R01,2024-12-13,2921.59,false,2025-12-12
P002271,LOB03,R01,2023-08-22,11544.23,false,2024-08-21
P002272,LOB02,R02,2023-08-21,7057.87,true,2024-08-20
P002273,LOB01,R03,2023-08-05,13950.52,true,2024-08-04
P002274,LOB02,R02,2023-12-03,11971.0,false,2024-12-02
P002275,LOB01,R03,2023-05-10,12328.0,true,2024-05-09
P002276,LOB01,R02,2023-11-07,5242.93,true,2024-11-06
P002277,LOB02,R01,2023-06-03,9564.55,false,2024-06-02
P002278,LOB01,R03,2023-02-07,8883.05,false,2024-02-06
P002279,LOB01,R01,2023-09-27,13322.19,false,2024-09-26
P002280,LOB03,R01,2024-05-05,17918.31,false,2025-05-04
P002281,LOB02,R01,2024-07-11,10832.28,true,2025-07-10
P002282,LOB04,R02,2023-09-15,4602.23,true,2024-09-14
P002283,LOB04,R03,2023-08-25,10557.03,false,2024-08-24
P002284,LOB02,R04,2024-07-28,47412.72,true,2025-07-27
P002285,LOB04,R01,2024-05-12,26571.73,true,2025-05-11
P002286,LOB04,R01,2024-08-30,1661.31,false,2025-08-29
P002287,LOB02,R01,2024-10-23,10280.52,true,2025-10-22
P002288,LOB03,R02,2024-08-22,17314.02,false,2025-08-21
P002289,LOB01,R01,2024-11-14,8871.54,false,2025-11-13
P002290,LOB03,R02,2023-11-01,7509.66,false,2024-10-31
P002291,LOB02,R04,2023-10-16,8432.27,true,2024-10-15
P002292,LOB01,R02,2023-08-23,13784.69,true,2024-08-22
P002293,LOB01,R03,2023-06-21,4968.72,false,2024-06-20
P002294,LOB04,R03,2024-06-30,20195.46,false,2025-06-29
P002295,LOB02,R01,2024-06-05,9570.15,false,2025-06-04
P002296,LOB01,R01,2024-08-08,5647.6,true,2025-08-07
P002297,LOB01,R02,2023-05-03,19430.71,false,2024-05-02
P002298,LOB02,R02,2023-12-25,3916.37,true,2024-12-24
P002299,LOB04,R01,2023-06-12,7093.07,true,2024-06-11
P002300,LOB03,R03,2024-10-13,7023.35,true,2025-10-12
P002301,LOB02,R02,2023-07-15,35823.71,true,2024-07-14
P002302,LOB01,R02,2023-04-16,6561.59,true,2024-04-15
P002303,LOB01,R03,2024-02-21,2716.29,true,2025-02-20
P002304,LOB02,R04,2024-10-03,6980.75,false,2025-10-02
P002305,LOB04,R04,2024-10-30,13008.13,false,2025-10-29
P002306,LOB03,R04,2023-03-12,15842.49,true,2024-03-11
P002307,LOB02,R02,2023-08-26,38790.23,true,2024-08-25
P002308,LOB02,R01,2023-04-23,23020.46,false,2024-04-22
P002309,LOB02,R01,2023-08-13,11078.41,true,2024-08-12
P002310,LOB02,R02,2024-01-25,5797.32,true,2025-01-24
P002311,LOB02,R02,2023-07-24,26223.64,false,2024-07-23
P002312,LOB03,R01,2023-02-19,7933.6,false,2024-02-18
P002313,LOB02,R01,2024-01-08,6668.2,false,2025-01-07
P002314,LOB04,R01,2023-02-08,7706.01,true,2024-02-07
P002315,LOB02,R03,2023-06-15,4668.66,true,2024-06-14
P002316,LOB01,R02,2023-01-01,7487.48,true,2023-12-31
P002317,LOB01,R01,2023-03-05,8605.31,false,2024-03-04
P002318,LOB02,R03,2023-11-15,15342.68,true,2024-11-14
P002319,LOB02,R04,2024-09-13,7841.2,true,2025-09-12
P002320,LOB02,R02,2024-07-19,4626.35,true,2025-07-18
P002321,LOB03,R02,2023-03-14,3780.97,false,2024-03-13
P002322,LOB01,R02,2023-01-26,11223.24,true,2024-01-25
P002323,LOB03,R02,2023-09-04,10337.94,true,2024-09-03
P002324,LOB03,R02,2024-04-21,7096.89,false,2025-04-20
P002325,LOB02,R04,2024-06-29,7476.55,false,2025-06-28
P002326,LOB02,R04,2024-08-23,12495.1,false,2025-08-22
P002327,LOB01,R02,2023-09-07,22795.71,false,2024-09-06
P002328,LOB02,R04,2023-05-03,6197.57,true,2024-05-02
P002329,LOB03,R04,2023-01-20,10439.39,false,2024-01-19
P002330,LOB04,R01,2023-04-18,17587.83,true,2024-04-17
P002331,LOB02,R02,2023-02-17,6212.58,false,2024-02-16
P002332,LOB01,R03,2024-09-20,9804.74,true,2025-09-19
P002333,LOB03,R02,2023-07-15,9674.05,false,2024-07-14
P002334,LOB03,R02,2024-08-23,4506.26,false,2025-08-22
P002335,LOB02,R02,2024-02-08,10950.05,true,2025-02-07
P002336,LOB04,R03,2024-01-29,10086.23,true,2025-01-28
P002337,LOB01,R02,2023-11-28,13808.65,false,2024-11-27
P002338,LOB01,R03,2024-08-21,4855.5,true,2025-08-20
P002339,LOB01,R01,2023-02-01,9956.51,false,2024-01-31
P002340,LOB01,R04,2023-03-09,22675.5,true,2024-03-08
P002341,LOB04,R01,2023-11-06,34423.68,false,2024-11-05
P002342,LOB02,R01,2023-10-15,21334.43,false,2024-10-14
P002343,LOB01,R01,2024-02-03,4884.18,false,2025-02-02
P002344,LOB02,R02,2024-06-22,12973.08,false,2025-06-21
P002345,LOB02,R03,2024-03-04,7406.49,false,2025-03-03
P002346,LOB02,R04,2023-07-07,11735.11,false,2024-07-06
P002347,LOB01,R02,2023-08-27,6227.12,false,2024-08-26
P002348,LOB03,R01,2024-07-03,3540.12,false,2025-07-02
P002349,LOB01,R02,2023-05-28,8048.89,true,2024-05-27
P002350,LOB03,R01,2024-01-04,15268.72,true,2025-01-03
P002351,LOB01,R02,2024-01-29,11764.01,true,2025-01-28
P002352,LOB03,R03,2024-07-01,12603.99,false,2025-06-30
P002353,LOB04,R01,2024-06-05,11268.99,false,2025-06-04
P002354,LOB01,R04,2023-12-06,12615.94,true,2024-12-05
P002355,LOB01,R01,2023-08-14,13598.4,false,2024-08-13
P002356,LOB04,R03,2023-09-26,8393.32,true,2024-09-25
P002357,LOB02,R04,2023-10-28,10401.8,false,2024-10-27
P002358,LOB03,R04,2023-06-10,28168.37,false,2024-06-09
P002359,LOB01,R03,2024-04-01,10777.53,false,2025-03-31
P002360,LOB01,R03,2023-06-02,10153.14,false,2024-06-01
P002361,LOB02,R01,2024-04-18,10527.34,false,2025-04-17
P002362,LOB04,R01,2024-07-02,8684.15,true,2025-07-01
P002363,LOB01,R02,2024-12-03,7621.94,false,2025-12-02
P002364,LOB03,R03,2023-03-28,11217.24,true,2024-03-27
P002365,LOB03,R03,2024-07-08,7306.87,false,2025-07-07
P002366,LOB01,R04,2023-03-04,9069.67,false,2024-03-03
P002367,LOB01,R02,2023-09-04,6159.13,true,2024-09-03
P002368,LOB01,R04,2023-05-09,10559.77,true,2024-05-08
P002369,LOB02,R02,2023-04-29,14051.96,false,2024-04-28
P002370,LOB03,R01,2023-05-09,8715.44,false,2024-05-08
P002371,LOB02,R03,2023-02-02,2966.01,true,2024-02-01
P002372,LOB01,R01,2024-08-23,14104.13,false,2025-08-22
P002373,LOB03,R02,2023-02-14,10637.18,true,2024-02-13
P002374,LOB02,R04,2023-10-18,5453.76,false,2024-10-17
P002375,LOB02,R04,2024-05-25,15740.03,false,2025-05-24
P002376,LOB02,R02,2024-12-23,4276.73,true,2025-12-22
P002377,LOB01,R01,2024-09-15,18531.82,false,2025-09-14
P002378,LOB03,R01,2023-04-11,9562.27,true,2024-04-10
P002379,LOB02,R01,2024-12-22,2536.86,false,2025-12-21
P002380,LOB02,R04,2024-04-22,11014.83,true,2025-04-21
P002381,LOB01,R04,2023-05-12,7756.49,false,2024-05-11
P002382,LOB02,R03,2023-11-24,7086.1,true,2024-11-23
P002383,LOB03,R03,2024-11-01,6357.33,false,2025-10-31
P002384,LOB02,R02,2023-10-14,9169.8,true,2024-10-13
P002385,LOB04,R01,2023-05-15,7397.42,false,2024-05-14
P002386,LOB04,R01,2024-09-30,3248.62,true,2025-09-29
P002387,LOB01,R03,2024-11-26,21231.49,true,2025-11-25
P002388,LOB03,R01,2024-12-13,8547.43,false,2025-12-12
P002389,LOB02,R01,2024-11-28,6379.46,false,2025-11-27
P002390,LOB04,R04,2024-09-29,5028.85,false,2025-09-28
P002391,LOB01,R03,2023-11-28,15716.07,false,2024-11-27
P002392,LOB01,R02,2023-05-21,4541.17,true,2024-05-20
P002393,LOB02,R01,2024-03-26,10725.64,false,2025-03-25
P002394,LOB01,R01,2023-06-11,6973.07,true,2024-06-10
P002395,LOB03,R02,2023-12-12,7221.0,false,2024-12-11
P002396,LOB02,R02,2024-04-23,5104.43,false,2025-04-22
P002397,LOB01,R03,2024-11-22,6821.32,true,2025-11-21
P002398,LOB02,R01,2023-07-31,9949.6,true,2024-07-30
P002399,LOB04,R01,2023-07-03,11397.93,false,2024-07-02
P002400,LOB03,R01,2024-06-20,6177.35,false,2025-06-19
P002401,LOB02,R02,2023-01-05,9371.6,true,2024-01-04
P002402,LOB01,R02,2024-02-18,16866.3,true,2025-02-17
P002403,LOB01,R01,2024-06-28,3649.78,true,2025-06-27
P002404,LOB04,R03,2024-02-07,9859.97,false,2025-02-06
P002405,LOB03,R02,2023-10-08,5594.45,false,2024-10-07
P002406,LOB02,R01,2024-08-27,5262.65,true,2025-08-26
P002407,LOB04,R03,2023-09-28,11575.05,false,2024-09-27
P002408,LOB01,R02,2024-06-02,7135.58,false,2025-06-01
P002409,LOB03,R02,2023-12-05,4769.12,false,2024-12-04
P002410,LOB01,R02,2023-01-20,21907.18,true,2024-01-19
P002411,LOB01,R01,2024-01-23,17189.49,true,2025-01-22
P002412,LOB02,R02,2023-02-06,3104.53,true,2024-02-05
P002413,LOB02,R03,2024-11-10,4086.09,false,2025-11-09
P002414,LOB04,R01,2024-03-15,14130.27,true,2025-03-14
P002415,LOB02,R03,2023-09-29,8342.15,true,2024-09-28
P002416,LOB04,R01,2023-12-21,24351.4,false,2024-12-20
P002417,LOB03,R03,2024-03-28,14325.58,false,2025-03-27
P002418,LOB03,R01,2023-07-09,11845.22,true,2024-07-08
P002419,LOB04,R01,2023-07-30,5360.87,true,2024-07-29
P002420,LOB02,R02,2023-11-02,13291.29,true,2024-11-01
P002421,LOB02,R03,2023-07-08,4603.36,true,2024-07-07
P002422,LOB01,R03,2024-07-07,21658.36,true,2025-07-06
P002423,LOB01,R02,2023-03-17,12749.96,true,2024-03-16
P002424,LOB04,R01,2024-08-26,6033.62,true,2025-08-25
P002425,LOB02,R02,2023-09-12,16039.45,false,2024-09-11
P002426,LOB02,R04,2024-02-14,37983.8,false,2025-02-13
P002427,LOB01,R01,2023-04-26,8685.67,true,2024-04-25
P002428,LOB02,R03,2023-10-09,13770.0,false,2024-10-08
P002429,LOB03,R02,2024-07-04,7638.09,true,2025-07-03
P002430,LOB01,R01,2023-07-17,10417.18,false,2024-07-16
P002431,LOB03,R03,2023-04-07,4006.44,false,2024-04-06
P002432,LOB03,R01,2024-01-17,9893.99,false,2025-01-16
P002433,LOB03,R02,2023-04-29,10159.32,false,2024-04-28
P002434,LOB01,R01,2023-08-18,29126.35,true,2024-08-17
P002435,LOB03,R03,2023-11-25,3371.11,true,2024-11-24
P002436,LOB01,R01,2024-02-16,8362.14,false,2025-02-15
P002437,LOB02,R01,2024-04-11,21436.93,true,2025-04-10
P002438,LOB03,R03,2024-05-08,8560.7,false,2025-05-07
P002439,LOB03,R04,2024-09-08,8930.21,false,2025-09-07
P002440,LOB01,R01,2023-02-18,6003.18,true,2024-02-17
P002441,LOB04,R02,2023-09-22,5655.8,false,2024-09-21
P002442,LOB01,R04,2023-01-01,3309.29,false,2023-12-31
P002443,LOB02,R02,2023-01-07,6785.01,false,2024-01-06
P002444,LOB04,R02,2023-06-04,5466.46,false,2024-06-03
P002445,LOB02,R04,2024-03-12,10623.49,false,2025-03-11
P002446,LOB04,R03,2024-10-14,6169.66,true,2025-10-13
P002447,LOB02,R02,2024-07-18,7422.31,false,2025-07-17
P002448,LOB03,R04,2024-04-16,7545.27,true,2025-04-15
P002449,LOB03,R03,2024-07-22,9615.2,true,2025-07-21
P002450,LOB03,R03,2023-05-06,7207.57,false,2024-05-05
P002451,LOB01,R02,2024-09-05,5233.99,true,2025-09-04
P002452,LOB03,R04,2024-10-11,10419.77,true,2025-10-10
P002453,LOB01,R04,2023-03-11,18778.91,true,2024-03-10
P002454,LOB04,R04,2023-12-10,10690.17,false,2024-12-09
P002455,LOB01,R03,2024-08-28,6864.43,false,2025-08-27
P002456,LOB01,R02,2023-12-14,9192.21,true,2024-12-13
P002457,LOB04,R01,2024-09-05,2891.76,false,2025-09-04
P002458,LOB01,R01,2024-11-13,9102.99,true,2025-11-12
P002459,LOB02,R04,2023-12-13,7783.7,false,2024-12-12
P002460,LOB03,R02,2023-02-13,5652.9,false,2024-02-12
P002461,LOB01,R01,2023-09-06,6302.75,true,2024-09-05
P002462,LOB01,R01,2023-06-07,7737.7,false,2024-06-06
P002463,LOB02,R01,2023-12-13,17952.33,false,2024-12-12
P002464,LOB01,R03,2024-03-03,19057.89,true,2025-03-02
P002465,LOB01,R03,2023-12-05,5671.02,true,2024-12-04
P002466,LOB01,R02,2023-05-23,7252.88,false,2024-05-22
P002467,LOB02,R03,2023-08-08,7364.64,true,2024-08-07
P002468,LOB02,R02,2024-05-11,16086.37,false,2025-05-10
P002469,LOB01,R04,2023-01-20,10800.03,false,2024-01-19
P002470,LOB03,R04,2023-06-06,10463.77,true,2024-06-05
P002471,LOB03,R01,2024-10-13,13653.59,true,2025-10-12
P002472,LOB01,R02,2023-03-14,6919.87,true,2024-03-13
P002473,LOB02,R04,2023-10-30,22433.98,true,2024-10-29
P002474,LOB04,R03,2023-06-01,9886.77,false,2024-05-31
P002475,LOB02,R04,2023-03-18,5922.14,false,2024-03-17
P002476,LOB02,R02,2023-11-05,8623.24,true,2024-11-04
P002477,LOB02,R01,2024-01-16,20726.26,false,2025-01-15
P002478,LOB01,R04,2023-05-09,7668.79,true,2024-05-08
P002479,LOB04,R04,2023-02-26,17496.12,true,2024-02-25
P002480,LOB04,R03,2023-04-09,6800.78,false,2024-04-08
P002481,LOB04,R02,2024-04-20,6251.66,true,2025-04-19
P002482,LOB01,R01,2024-09-20,14702.29,false,2025-09-19
P002483,LOB02,R03,2023-05-12,5858.31,true,2024-05-11
P002484,LOB01,R03,2023-08-22,16212.28,false,2024-08-21
P002485,LOB02,R03,2023-09-08,12221.79,false,2024-09-07
P002486,LOB02,R01,2023-09-21,5859.64,true,2024-09-20
P002487,LOB03,R03,2023-06-28,9481.85,false,2024-06-27
P002488,LOB01,R03,2023-02-10,7120.52,true,2024-02-09
P002489,LOB04,R04,2024-01-19,12202.38,true,2025-01-18
P002490,LOB01,R03,2023-09-18,30720.3,true,2024-09-17
P002491,LOB01,R03,2023-09-07,7923.41,false,2024-09-06
P002492,LOB04,R02,2023-07-13,13633.23,false,2024-07-12
P002493,LOB03,R03,2024-11-09,10043.33,false,2025-11-08
P002494,LOB02,R03,2024-03-21,10041.03,false,2025-03-20
P002495,LOB02,R04,2023-11-02,8963.15,true,2024-11-01
P002496,LOB01,R04,2023-05-30,5916.79,false,2024-05-29
P002497,LOB01,R01,2024-08-07,12101.49,false,2025-08-06
P002498,LOB02,R04,2024-10-10,8322.81,false,2025-10-09
P002499,LOB02,R04,2023-01-24,5750.95,false,2024-01-23
P002500,LOB03,R03,2024-11-09,18187.76,false,2025-11-08
P002501,LOB01,R03,2024-05-25,10502.89,true,2025-05-24
P002502,LOB03,R03,2023-03-14,8631.22,false,2024-03-13
P002503,LOB03,R02,2024-07-03,22115.5,false,2025-07-02
P002504,LOB01,R02,2023-03-20,3289.04,false,2024-03-19
P002505,LOB01,R04,2023-02-07,21241.08,true,2024-02-06
P002506,LOB02,R04,2023-03-26,5836.5,true,2024-03-25
P002507,LOB03,R01,2023-12-02,11236.46,false,2024-12-01
P002508,LOB03,R04,2024-03-28,6954.62,false,2025-03-27
P002509,LOB03,R02,2023-10-25,5688.49,false,2024-10-24
P002510,LOB02,R01,2023-03-31,21770.95,false,2024-03-30
P002511,LOB01,R04,2023-05-26,30143.66,false,2024-05-25
P002512,LOB02,R01,2024-09-14,8666.88,false,2025-09-13
P002513,LOB01,R01,2024-12-03,12103.92,true,2025-12-02
P002514,LOB03,R02,2024-07-04,10241.41,true,2025-07-03
P002515,LOB01,R02,2023-03-17,27953.68,false,2024-03-16
P002516,LOB01,R01,2024-08-21,2785.3,true,2025-08-20
P002517,LOB02,R01,2024-05-20,12410.2,true,2025-05-19
P002518,LOB02,R02,2024-01-20,6397.89,false,2025-01-19
P002519,LOB03,R01,2023-04-15,2407.69,true,2024-04-14
P002520,LOB02,R01,2024-12-28,7971.93,false,2025-12-27
P002521,LOB04,R04,2023-11-20,29996.3,true,2024-11-19
P002522,LOB04,R03,2023-02-02,6676.64,false,2024-02-01
P002523,LOB04,R01,2023-06-03,15906.12,true,2024-06-02
P002524,LOB03,R01,2023-10-20,20316.8,false,2024-10-19
P002525,LOB03,R04,2023-02-15,9822.02,false,2024-02-14
P002526,LOB03,R02,2023-08-25,10638.91,true,2024-08-24
P002527,LOB02,R01,2023-12-08,3534.13,true,2024-12-07
P002528,LOB02,R03,2024-11-23,6440.12,true,2025-11-22
P002529,LOB02,R04,2023-03-05,17055.1,true,2024-03-04
P002530,LOB01,R02,2024-02-26,10264.1,true,2025-02-25
P002531,LOB01,R03,2024-10-30,12337.58,true,2025-10-29
P002532,LOB04,R02,2024-08-11,10720.3,false,2025-08-10
P002533,LOB01,R01,2024-11-06,36871.8,true,2025-11-05
P002534,LOB02,R04,2023-05-05,7644.09,true,2024-05-04
P002535,LOB03,R04,2024-08-07,25932.34,true,2025-08-06
P002536,LOB01,R04,2024-12-15,10722.52,false,2025-12-14
P002537,LOB04,R01,2023-08-27,27351.3,false,2024-08-26
P002538,LOB01,R03,2023-12-31,4745.79,false,2024-12-30
P002539,LOB04,R03,2024-01-23,11056.69,false,2025-01-22
P002540,LOB03,R01,2023-12-27,7814.9,false,2024-12-26
P002541,LOB01,R04,2023-07-31,10761.0,true,2024-07-30
P002542,LOB01,R01,2024-12-09,20607.82,true,2025-12-08
P002543,LOB02,R02,2024-11-29,12422.76,false,2025-11-28
P002544,LOB02,R04,2023-10-05,20583.18,true,2024-10-04
P002545,LOB01,R03,2024-08-10,6620.11,false,2025-08-09
P002546,LOB04,R03,2023-10-18,6040.85,false,2024-10-17
P002547,LOB01,R02,2024-08-03,9993.23,false,2025-08-02
P002548,LOB04,R04,2024-03-02,9670.24,false,2025-03-01
P002549,LOB01,R01,2023-12-10,8852.76,false,2024-12-09
P002550,LOB04,R03,2023-04-04,5568.17,true,2024-04-03
P002551,LOB01,R01,2024-04-22,20316.55,true,2025-04-21
P002552,LOB02,R01,2023-08-23,7960.9,false,2024-08-22
P002553,LOB02,R03,2023-06-08,23286.91,false,2024-06-07
P002554,LOB01,R02,2023-05-22,9973.09,true,2024-05-21
P002555,LOB04,R01,2024-12-17,14604.1,true,2025-12-16
P002556,LOB01,R04,2023-03-17,13830.42,true,2024-03-16
P002557,LOB02,R02,2024-08-05,6035.63,false,2025-08-04
P002558,LOB02,R04,2024-09-24,12336.55,true,2025-09-23
P002559,LOB03,R01,2023-01-23,31476.6,true,2024-01-22
P002560,LOB01,R01,2024-03-06,11509.95,true,2025-03-05
P002561,LOB01,R02,2024-02-26,16996.56,false,2025-02-25
P002562,LOB01,R03,2023-09-19,15002.36,false,2024-09-18
P002563,LOB02,R02,2024-05-01,11899.24,false,2025-04-30
P002564,LOB01,R01,2023-10-26,11068.82,false,2024-10-25
P002565,LOB04,R03,2023-11-17,13744.44,true,2024-11-16
P002566,LOB02,R04,2023-11-12,15645.98,false,2024-11-11
P002567,LOB03,R01,2024-08-07,4397.1,false,2025-08-06
P002568,LOB02,R02,2024-04-07,11480.23,false,2025-04-06
P002569,LOB01,R02,2023-10-04,8862.23,false,2024-10-03
P002570,LOB02,R03,2024-11-07,7825.04,false,2025-11-06
P002571,LOB01,R01,2024-08-08,21538.1,true,2025-08-07
P002572,LOB02,R01,2024-11-11,6374.83,true,2025-11-10
P002573,LOB02,R01,2024-06-17,4286.13,false,2025-06-16
P002574,LOB02,R03,2023-10-13,15953.44,true,2024-10-12
P002575,LOB04,R01,2024-07-18,4220.73,false,2025-07-17
P002576,LOB01,R03,2023-08-29,3112.66,true,2024-08-28
P002577,LOB02,R02,2023-07-17,17068.0,false,2024-07-16
P002578,LOB01,R02,2023-11-26,10886.01,false,2024-11-25
P002579,LOB02,R04,2024-12-08,13142.83,false,2025-12-07
P002580,LOB03,R04,2024-02-19,7589.67,false,2025-02-18
P002581,LOB01,R04,2023-10-08,4312.86,false,2024-10-07
P002582,LOB02,R04,2023-12-04,4858.71,false,2024-12-03
P002583,LOB02,R01,2023-08-01,8405.88,false,2024-07-31
P002584,LOB01,R04,2024-04-25,4612.65,false,2025-04-24
P002585,LOB04,R01,2023-09-13,11899.26,false,2024-09-12
P002586,LOB02,R02,2024-02-09,7499.0,false,2025-02-08
P002587,LOB03,R03,2023-09-27,11059.24,true,2024-09-26
P002588,LOB02,R03,2023-08-23,10862.69,true,2024-08-22
P002589,LOB04,R03,2024-12-09,12482.46,false,2025-12-08
P002590,LOB01,R03,2023-09-10,13355.58,true,2024-09-09
P002591,LOB02,R02,2023-02-21,8051.87,false,2024-02-20
P002592,LOB03,R03,2023-10-04,11052.16,true,2024-10-03
P002593,LOB02,R02,2024-01-24,11402.69,true,2025-01-23
P002594,LOB02,R02,2023-03-11,2304.61,false,2024-03-10
P002595,LOB04,R03,2023-08-12,14587.43,true,2024-08-11
P002596,LOB02,R03,2023-05-02,10828.81,false,2024-05-01
P002597,LOB03,R02,2024-01-01,13883.12,false,2024-12-31
P002598,LOB03,R01,2024-06-11,4572.86,false,2025-06-10
P002599,LOB04,R02,2024-12-07,8188.91,true,2025-12-06
P002600,LOB04,R02,2023-10-12,5141.41,true,2024-10-11
P002601,LOB02,R01,2024-09-22,15471.59,false,2025-09-21
P002602,LOB01,R01,2023-06-06,4259.6,true,2024-06-05
P002603,LOB01,R04,2024-07-23,5669.22,false,2025-07-22
P002604,LOB03,R02,2024-02-15,13637.63,false,2025-02-14
P002605,LOB04,R03,2024-07-07,6784.36,true,2025-07-06
P002606,LOB02,R01,2024-07-05,5670.12,false,2025-07-04
P002607,LOB01,R04,2024-01-24,17052.15,false,2025-01-23
P002608,LOB01,R01,2023-07-07,17476.76,false,2024-07-06
P002609,LOB02,R02,2024-01-20,15263.85,true,2025-01-19
P002610,LOB04,R04,2024-08-26,16468.85,false,2025-08-25
P002611,LOB01,R01,2024-12-09,8613.21,true,2025-12-08
P002612,LOB03,R03,2024-11-08,8753.81,false,2025-11-07
P002613,LOB03,R04,2023-05-13,6708.64,false,2024-05-12
P002614,LOB04,R01,2024-03-12,10944.99,false,2025-03-11
P002615,LOB01,R01,2023-03-18,7210.27,false,2024-03-17
P002616,LOB04,R04,2024-05-03,7632.42,false,2025-05-02
P002617,LOB03,R02,2024-12-25,14185.0,false,2025-12-24
P002618,LOB03,R04,2023-02-08,20145.24,true,2024-02-07
P002619,LOB01,R04,2024-04-24,12568.59,false,2025-04-23
P002620,LOB02,R04,2024-11-21,29044.65,true,2025-11-20
P002621,LOB03,R04,2024-09-10,6481.39,false,2025-09-09
P002622,LOB02,R04,2023-10-14,3285.31,true,2024-10-13
P002623,LOB02,R02,2023-03-17,15195.84,true,2024-03-16
P002624,LOB02,R04,2024-11-05,6228.56,false,2025-11-04
P002625,LOB02,R02,2024-11-03,8398.3,true,2025-11-02
P002626,LOB01,R03,2024-02-27,3422.48,false,2025-02-26
P002627,LOB02,R01,2024-12-15,5770.27,true,2025-12-14
P002628,LOB01,R04,2023-01-04,4018.5,true,2024-01-03
P002629,LOB04,R03,2024-03-26,7626.76,false,2025-03-25
P002630,LOB04,R04,2023-01-29,7810.85,false,2024-01-28
P002631,LOB01,R02,2024-11-14,10446.02,false,2025-11-13
P002632,LOB01,R02,2024-05-11,20823.42,true,2025-05-10
P002633,LOB01,R03,2024-10-28,14855.77,true,2025-10-27
P002634,LOB02,R04,2024-02-15,3739.47,true,2025-02-14
P002635,LOB04,R03,2023-03-02,14254.23,true,2024-03-01
P002636,LOB02,R04,2023-01-20,10583.51,false,2024-01-19
P002637,LOB01,R01,2023-09-02,9332.93,true,2024-09-01
P002638,LOB01,R04,2024-06-26,9763.25,false,2025-06-25
P002639,LOB01,R03,2023-04-21,11189.5,false,2024-04-20
P002640,LOB04,R04,2024-09-14,6534.61,true,2025-09-13
P002641,LOB03,R01,2023-06-24,8871.41,false,2024-06-23
P002642,LOB02,R02,2023-12-29,20137.99,true,2024-12-28
P002643,LOB02,R01,2023-05-29,6487.66,false,2024-05-28
P002644,LOB04,R02,2023-12-07,5335.12,true,2024-12-06
P002645,LOB02,R04,2023-11-27,9537.39,false,2024-11-26
P002646,LOB04,R03,2023-01-04,5022.38,true,2024-01-03
P002647,LOB04,R04,2024-02-19,3520.4,true,2025-02-18
P002648,LOB02,R03,2024-07-28,8049.13,true,2025-07-27
P002649,LOB04,R04,2024-11-14,23604.04,true,2025-11-13
P002650,LOB01,R04,2023-08-30,9670.52,false,2024-08-29
P002651,LOB03,R03,2024-10-04,11016.47,true,2025-10-03
P002652,LOB01,R04,2024-10-03,2757.03,false,2025-10-02
P002653,LOB02,R01,2024-12-22,12872.84,false,2025-12-21
P002654,LOB01,R03,2023-09-30,10467.39,true,2024-09-29
P002655,LOB01,R03,2024-09-13,6641.22,true,2025-09-12
P002656,LOB01,R04,2024-02-17,11026.21,true,2025-02-16
P002657,LOB02,R03,2023-02-12,10960.72,false,2024-02-11
P002658,LOB02,R01,2023-07-17,5241.21,true,2024-07-16
P002659,LOB02,R03,2024-05-05,12077.65,false,2025-05-04
P002660,LOB02,R04,2023-04-28,20298.07,true,2024-04-27
P002661,LOB04,R01,2023-11-14,8632.03,true,2024-11-13
P002662,LOB04,R01,2024-07-19,5880.77,true,2025-07-18
P002663,LOB01,R03,2023-04-20,8896.84,false,2024-04-19
P002664,LOB02,R03,2023-12-29,16527.28,false,2024-12-28
P002665,LOB03,R03,2023-06-06,4741.97,false,2024-06-05
P002666,LOB03,R01,2024-01-27,14004.51,true,2025-01-26
P002667,LOB02,R03,2023-06-25,6589.23,true,2024-06-24
P002668,LOB03,R03,2024-12-05,11444.19,false,2025-12-04
P002669,LOB01,R04,2023-02-25,7054.36,false,2024-02-24
P002670,LOB02,R02,2024-12-04,7043.0,false,2025-12-03
P002671,LOB03,R02,2024-08-01,24682.68,true,2025-07-31
P002672,LOB03,R01,2024-09-16,4249.46,false,2025-09-15
P002673,LOB04,R03,2024-09-13,13242.94,true,2025-09-12
P002674,LOB01,R03,2023-05-17,27967.4,false,2024-05-16
P002675,LOB01,R02,2024-11-10,14932.77,true,2025-11-09
P002676,LOB01,R03,2024-03-09,4453.04,false,2025-03-08
P002677,LOB01,R04,2024-12-03,4587.32,true,2025-12-02
P002678,LOB01,R01,2024-10-03,6304.54,false,2025-10-02
P002679,LOB02,R03,2024-02-28,10880.69,false,2025-02-27
P002680,LOB02,R03,2023-10-01,11334.04,false,2024-09-30
P002681,LOB03,R01,2023-03-27,4614.61,false,2024-03-26
P002682,LOB02,R01,2023-03-15,5862.58,true,2024-03-14
P002683,LOB01,R02,2023-10-12,6082.13,false,2024-10-11
P002684,LOB03,R01,2024-08-15,8879.96,false,2025-08-14
P002685,LOB01,R02,2024-01-04,32559.27,false,2025-01-03
P002686,LOB04,R01,2023-12-18,5653.83,true,2024-12-17
P002687,LOB01,R04,2023-06-28,5507.28,true,2024-06-27
P002688,LOB02,R03,2024-02-17,5014.63,true,2025-02-16
P002689,LOB04,R02,2024-04-10,14491.63,false,2025-04-09
P002690,LOB02,R04,2024-12-17,9654.65,true,2025-12-16
P002691,LOB03,R01,2024-06-16,5780.61,true,2025-06-15
P002692,LOB03,R03,2024-03-19,7961.1,false,2025-03-18
P002693,LOB01,R03,2024-10-26,6155.45,false,2025-10-25
P002694,LOB03,R04,2023-11-07,11819.84,false,2024-11-06
P002695,LOB04,R01,2024-11-13,49544.47,true,2025-11-12
P002696,LOB04,R03,2023-09-28,13773.73,true,2024-09-27
P002697,LOB02,R04,2023-04-04,9360.06,false,2024-04-03
P002698,LOB02,R04,2023-11-01,6640.98,true,2024-10-31
P002699,LOB03,R01,2023-04-04,4420.29,false,2024-04-03
P002700,LOB02,R04,2023-03-28,15370.63,true,2024-03-27
P002701,LOB01,R02,2024-10-05,14877.61,false,2025-10-04
P002702,LOB01,R02,2024-08-03,7482.63,true,2025-08-02
P002703,LOB01,R01,2023-06-11,20496.31,false,2024-06-10
P002704,LOB02,R01,2024-09-03,10023.26,false,2025-09-02
P002705,LOB01,R02,2023-02-20,15754.11,true,2024-02-19
P002706,LOB01,R01,2023-07-27,11822.01,false,2024-07-26
P002707,LOB01,R03,2024-05-30,8899.22,false,2025-05-29
P002708,LOB04,R03,2023-08-10,5580.7,false,2024-08-09
P002709,LOB01,R02,2024-06-17,9069.55,true,2025-06-16
P002710,LOB01,R03,2024-09-30,16403.18,true,2025-09-29
P002711,LOB02,R03,2023-02-18,7296.27,false,2024-02-17
P002712,LOB01,R01,2023-01-18,12885.33,false,2024-01-17
P002713,LOB04,R02,2024-11-17,5168.61,false,2025-11-16
P002714,LOB04,R04,2024-01-15,15804.26,true,2025-01-14
P002715,LOB02,R01,2024-01-05,11941.38,false,2025-01-04
P002716,LOB02,R04,2023-12-05,4811.35,true,2024-12-04
P002717,LOB02,R04,2023-11-13,8652.39,true,2024-11-12
P002718,LOB01,R02,2024-05-18,17306.97,false,2025-05-17
P002719,LOB01,R02,2024-02-28,4649.8,false,2025-02-27
P002720,LOB01,R01,2023-04-30,5205.29,false,2024-04-29
P002721,LOB01,R03,2024-04-02,9492.92,true,2025-04-01
P002722,LOB02,R01,2024-05-02,35596.35,true,2025-05-01
P002723,LOB01,R04,2023-03-24,6610.76,false,2024-03-23
P002724,LOB01,R02,2023-10-03,13321.9,true,2024-10-02
P002725,LOB02,R04,2024-07-31,11568.96,false,2025-07-30
P002726,LOB02,R04,2024-03-27,6948.55,false,2025-03-26
P002727,LOB01,R02,2023-04-10,10901.77,true,2024-04-09
P002728,LOB01,R03,2023-01-30,7565.09,false,2024-01-29
P002729,LOB01,R01,2024-02-29,7984.98,false,2025-02-27
P002730,LOB01,R01,2023-12-04,3652.75,false,2024-12-03
P002731,LOB04,R03,2024-12-02,9753.08,true,2025-12-01
P002732,LOB04,R02,2024-01-17,16974.31,false,2025-01-16
P002733,LOB02,R02,2024-11-10,10244.08,false,2025-11-09
P002734,LOB02,R01,2023-06-06,19040.14,false,2024-06-05
P002735,LOB03,R04,2023-11-23,14019.39,true,2024-11-22
P002736,LOB03,R02,2023-04-12,9549.8,true,2024-04-11
P002737,LOB01,R02,2024-02-24,6790.26,false,2025-02-23
P002738,LOB01,R02,2023-05-18,7392.65,false,2024-05-17
P002739,LOB02,R02,2023-12-26,4095.7,false,2024-12-25
P002740,LOB02,R03,2023-09-09,8431.69,false,2024-09-08
P002741,LOB01,R04,2023-05-16,10803.22,true,2024-05-15
P002742,LOB01,R03,2023-03-12,27701.8,false,2024-03-11
P002743,LOB02,R01,2024-01-09,13588.68,true,2025-01-08
P002744,LOB01,R04,2024-11-22,5890.45,true,2025-11-21
P002745,LOB02,R02,2023-05-26,4172.95,true,2024-05-25
P002746,LOB03,R01,2023-10-23,8743.53,false,2024-10-22
P002747,LOB02,R01,2023-06-13,16107.8,true,2024-06-12
P002748,LOB01,R04,2024-08-13,8670.05,false,2025-08-12
P002749,LOB01,R02,2023-10-30,13700.54,true,2024-10-29
P002750,LOB04,R01,2024-12-12,8877.94,true,2025-12-11
P002751,LOB02,R04,2023-06-28,15217.48,false,2024-06-27
P002752,LOB01,R02,2023-02-28,3795.78,true,2024-02-27
P002753,LOB01,R04,2024-03-01,25913.24,true,2025-02-28
P002754,LOB04,R04,2024-04-20,5077.17,false,2025-04-19
P002755,LOB03,R01,2024-12-24,15934.46,false,2025-12-23
P002756,LOB04,R03,2024-09-28,8405.9,false,2025-09-27
P002757,LOB03,R03,2024-10-07,9232.67,false,2025-10-06
P002758,LOB02,R01,2024-04-07,8564.14,true,2025-04-06
P002759,LOB02,R02,2023-09-20,11537.56,true,2024-09-19
P002760,LOB01,R02,2023-11-10,13023.55,true,2024-11-09
P002761,LOB03,R01,2023-04-08,18676.42,false,2024-04-07
P002762,LOB02,R03,2023-11-11,23034.98,true,2024-11-10
P002763,LOB01,R02,2023-09-24,12077.42,true,2024-09-23
P002764,LOB04,R04,2023-01-27,27672.78,false,2024-01-26
P002765,LOB02,R04,2023-05-30,10464.92,false,2024-05-29
P002766,LOB01,R03,2024-01-26,18891.44,true,2025-01-25
P002767,LOB02,R01,2023-09-27,12800.4,false,2024-09-26
P002768,LOB04,R01,2024-12-26,7118.68,true,2025-12-25
P002769,LOB04,R01,2023-12-16,11034.04,false,2024-12-15
P002770,LOB02,R02,2024-11-30,13385.18,false,2025-11-29
P002771,LOB04,R04,2024-04-27,9707.76,false,2025-04-26
P002772,LOB04,R01,2023-01-30,12679.15,true,2024-01-29
P002773,LOB04,R03,2023-05-29,16634.23,false,2024-05-28
P002774,LOB04,R01,2024-05-30,9759.3,true,2025-05-29
P002775,LOB02,R02,2024-02-02,1692.0,false,2025-02-01
P002776,LOB03,R03,2023-08-09,27091.14,false,2024-08-08
P002777,LOB02,R04,2024-01-17,8278.73,false,2025-01-16
P002778,LOB03,R04,2024-10-21,6039.23,false,2025-10-20
P002779,LOB01,R03,2023-10-11,5041.88,false,2024-10-10
P002780,LOB03,R01,2023-02-02,8087.97,false,2024-02-01
P002781,LOB04,R02,2023-08-16,7061.07,true,2024-08-15
P002782,LOB02,R04,2024-11-14,6360.07,false,2025-11-13
P002783,LOB04,R01,2024-07-10,6572.99,false,2025-07-09
P002784,LOB02,R03,2024-09-03,13600.28,true,2025-09-02
P002785,LOB01,R03,2024-10-27,33463.75,false,2025-10-26
P002786,LOB01,R04,2023-03-27,16193.14,true,2024-03-26
P002787,LOB03,R01,2023-07-26,19410.3,false,2024-07-25
P002788,LOB02,R01,2023-02-13,7891.6,true,2024-02-12
P002789,LOB02,R01,2023-01-04,10538.59,true,2024-01-03
P002790,LOB03,R02,2024-09-01,12783.23,false,2025-08-31
P002791,LOB02,R03,2024-11-14,6662.6,false,2025-11-13
P002792,LOB02,R01,2023-04-24,7666.09,false,2024-04-23
P002793,LOB04,R03,2024-06-11,16526.68,false,2025-06-10
P002794,LOB03,R01,2024-01-26,19037.68,true,2025-01-25
P002795,LOB03,R03,2023-02-20,10305.64,true,2024-02-19
P002796,LOB02,R02,2024-10-30,4831.47,false,2025-10-29
P002797,LOB04,R04,2024-09-28,8288.67,false,2025-09-27
P002798,LOB01,R02,2024-02-19,4168.04,false,2025-02-18
P002799,LOB01,R04,2024-05-31,10353.93,true,2025-05-30
P002800,LOB01,R01,2023-10-17,11536.16,true,2024-10-16
P002801,LOB02,R01,2024-08-01,8413.34,true,2025-07-31
P002802,LOB03,R01,2023-11-21,11441.78,false,2024-11-20
P002803,LOB03,R02,2024-12-23,12709.95,true,2025-12-22
P002804,LOB02,R04,2023-02-16,11546.26,false,2024-02-15
P002805,LOB01,R01,2023-05-06,4813.03,true,2024-05-05
P002806,LOB03,R04,2024-12-08,8501.87,false,2025-12-07
P002807,LOB04,R03,2023-07-30,12656.24,true,2024-07-29
P002808,LOB01,R02,2023-08-15,25520.24,false,2024-08-14
P002809,LOB01,R02,2024-07-31,8407.21,false,2025-07-30
P002810,LOB01,R04,2023-05-19,13773.53,true,2024-05-18
P002811,LOB02,R03,2024-01-10,16762.36,true,2025-01-09
P002812,LOB01,R01,2023-07-28,8795.75,true,2024-07-27
P002813,LOB02,R04,2023-05-25,19713.22,false,2024-05-24
P002814,LOB03,R02,2024-12-04,20359.53,false,2025-12-03
P002815,LOB02,R01,2023-05-26,22657.15,true,2024-05-25
P002816,LOB02,R04,2023-03-10,13030.65,false,2024-03-09
P002817,LOB01,R04,2024-05-06,40785.52,true,2025-05-05
P002818,LOB04,R02,2024-09-25,6841.96,false,2025-09-24
P002819,LOB02,R03,2023-04-04,35399.27,false,2024-04-03
P002820,LOB02,R01,2024-05-31,15693.15,false,2025-05-30
P002821,LOB01,R04,2024-01-30,22119.89,true,2025-01-29
P002822,LOB03,R02,2024-08-28,8167.98,true,2025-08-27
P002823,LOB04,R02,2023-04-03,16427.05,false,2024-04-02
P002824,LOB01,R03,2024-12-13,23299.44,true,2025-12-12
P002825,LOB01,R02,2024-03-27,5154.29,false,2025-03-26
P002826,LOB01,R03,2024-09-06,8973.26,false,2025-09-05
P002827,LOB03,R03,2023-09-22,2738.73,false,2024-09-21
P002828,LOB04,R02,2024-11-19,8892.83,false,2025-11-18
P002829,LOB02,R04,2024-04-02,6065.64,false,2025-04-01
P002830,LOB02,R02,2023-04-03,8684.88,false,2024-04-02
P002831,LOB03,R04,2024-11-04,57192.96,true,2025-11-03
P002832,LOB03,R02,2024-08-03,27741.43,false,2025-08-02
P002833,LOB01,R03,2023-08-08,4172.75,true,2024-08-07
P002834,LOB01,R03,2024-02-03,13814.07,false,2025-02-02
P002835,LOB02,R04,2023-10-11,15984.24,false,2024-10-10
P002836,LOB03,R01,2024-02-01,8080.93,false,2025-01-31
P002837,LOB03,R01,2024-12-05,11014.68,true,2025-12-04
P002838,LOB03,R04,2024-10-18,11679.49,true,2025-10-17
P002839,LOB04,R04,2023-06-07,4411.78,false,2024-06-06
P002840,LOB01,R03,2024-12-10,5330.51,false,2025-12-09
P002841,LOB02,R02,2023-11-16,10975.03,true,2024-11-15
P002842,LOB01,R02,2024-05-29,10505.37,false,2025-05-28
P002843,LOB04,R03,2024-07-11,6469.55,false,2025-07-10
P002844,LOB02,R03,2023-12-19,6144.88,false,2024-12-18
P002845,LOB01,R02,2023-11-30,9378.1,false,2024-11-29
P002846,LOB01,R01,2023-11-30,16843.0,false,2024-11-29
P002847,LOB03,R01,2024-09-21,9453.2,false,2025-09-20
P002848,LOB03,R02,2023-10-10,26203.24,true,2024-10-09
P002849,LOB03,R03,2023-07-24,6519.2,false,2024-07-23
P002850,LOB01,R02,2023-09-21,11112.94,false,2024-09-20
P002851,LOB04,R03,2023-05-23,8001.81,false,2024-05-22
P002852,LOB03,R02,2023-10-13,14083.74,false,2024-10-12
P002853,LOB03,R02,2023-03-25,6192.21,false,2024-03-24
P002854,LOB03,R03,2023-03-07,31458.95,true,2024-03-06
P002855,LOB04,R03,2024-06-12,3589.01,true,2025-06-11
P002856,LOB04,R04,2023-02-26,27702.78,true,2024-02-25
P002857,LOB02,R04,2024-02-19,10446.2,false,2025-02-18
P002858,LOB02,R02,2024-07-23,13786.63,false,2025-07-22
P002859,LOB02,R03,2024-06-12,22042.22,true,2025-06-11
P002860,LOB04,R02,2023-11-22,16557.54,true,2024-11-21
P002861,LOB03,R04,2023-05-22,6386.77,false,2024-05-21
P002862,LOB01,R03,2024-11-10,14186.61,true,2025-11-09
P002863,LOB01,R04,2024-09-01,30347.95,true,2025-08-31
P002864,LOB04,R02,2024-03-22,5811.68,true,2025-03-21
P002865,LOB04,R01,2023-03-05,35279.49,false,2024-03-04
P002866,LOB04,R01,2023-01-26,12474.25,false,2024-01-25
P002867,LOB02,R03,2023-08-19,7631.68,false,2024-08-18
P002868,LOB03,R04,2023-04-25,5790.8,true,2024-04-24
P002869,LOB04,R03,2024-09-20,8656.17,true,2025-09-19
P002870,LOB02,R04,2023-05-31,3062.03,false,2024-05-30
P002871,LOB01,R02,2023-07-26,7714.47,false,2024-07-25
P002872,LOB04,R04,2024-12-13,8452.72,true,2025-12-12
P002873,LOB01,R04,2024-08-20,5194.48,false,2025-08-19
P002874,LOB02,R01,2023-06-09,15501.73,false,2024-06-08
P002875,LOB03,R04,2023-10-07,8679.68,false,2024-10-06
P002876,LOB03,R01,2024-01-12,6758.28,true,2025-01-11
P002877,LOB01,R03,2024-04-29,8142.07,true,2025-04-28
P002878,LOB03,R02,2024-11-14,12247.35,true,2025-11-13
P002879,LOB01,R02,2024-09-27,10341.63,false,2025-09-26
P002880,LOB04,R04,2024-12-14,6499.07,false,2025-12-13
P002881,LOB01,R03,2023-01-30,10672.14,false,2024-01-29
P002882,LOB03,R01,2023-06-22,9600.73,true,2024-06-21
P002883,LOB03,R01,2024-02-15,4995.64,true,2025-02-14
P002884,LOB01,R01,2023-02-05,8323.99,false,2024-02-04
P002885,LOB01,R02,2023-09-17,14011.07,false,2024-09-16
P002886,LOB03,R01,2023-04-23,13950.67,true,2024-04-22
P002887,LOB01,R02,2024-11-12,8621.56,false,2025-11-11
P002888,LOB01,R04,2023-02-16,14854.58,false,2024-02-15
P002889,LOB02,R04,2023-04-19,5497.38,false,2024-04-18
P002890,LOB04,R04,2023-05-23,5600.48,false,2024-05-22
P002891,LOB02,R02,2023-04-19,8512.13,true,2024-04-18
P002892,LOB02,R03,2024-02-20,24307.49,false,2025-02-19
P002893,LOB04,R04,2023-09-23,10915.63,false,2024-09-22
P002894,LOB02,R01,2024-10-28,8389.87,false,2025-10-27
P002895,LOB02,R04,2023-07-10,24996.29,false,2024-07-09
P002896,LOB02,R03,2024-01-28,8331.82,true,2025-01-27
P002897,LOB02,R02,2024-04-26,37829.33,false,2025-04-25
P002898,LOB02,R02,2024-04-01,7282.5,false,2025-03-31
P002899,LOB03,R02,2024-08-04,5393.57,true,2025-08-03
P002900,LOB01,R01,2023-05-28,8956.93,false,2024-05-27
P002901,LOB03,R01,2024-01-06,8523.22,true,2025-01-05
P002902,LOB01,R02,2024-08-07,6095.88,false,2025-08-06
P002903,LOB02,R01,2024-09-22,47154.49,true,2025-09-21
P002904,LOB01,R03,2024-03-26,11982.18,true,2025-03-25
P002905,LOB02,R02,2024-04-20,13076.21,false,2025-04-19
P002906,LOB03,R02,2024-09-22,7501.61,false,2025-09-21
P002907,LOB02,R01,2024-04-01,6998.13,false,2025-03-31
P002908,LOB01,R04,2024-11-23,18312.42,false,2025-11-22
P002909,LOB01,R03,2023-04-04,3620.96,true,2024-04-03
P002910,LOB04,R02,2023-09-11,4985.46,false,2024-09-10
P002911,LOB01,R03,2023-03-23,8532.31,false,2024-03-22
P002912,LOB03,R02,2023-03-08,22261.82,true,2024-03-07
P002913,LOB02,R01,2023-12-11,7905.31,false,2024-12-10
P002914,LOB01,R03,2023-06-14,12704.24,true,2024-06-13
P002915,LOB03,R04,2023-10-25,10063.17,true,2024-10-24
P002916,LOB02,R03,2023-11-16,21541.9,false,2024-11-15
P002917,LOB01,R03,2024-03-29,3824.44,false,2025-03-28
P002918,LOB04,R01,2024-11-21,15391.61,false,2025-11-20
P002919,LOB01,R03,2024-09-12,8783.77,false,2025-09-11
P002920,LOB02,R03,2023-10-04,17239.02,true,2024-10-03
P002921,LOB02,R02,2023-08-26,6053.74,false,2024-08-25
P002922,LOB02,R01,2024-07-16,10043.05,true,2025-07-15
P002923,LOB03,R04,2023-04-01,9306.76,true,2024-03-31
P002924,LOB01,R02,2024-01-30,5423.73,true,2025-01-29
P002925,LOB04,R02,2023-11-05,4590.54,true,2024-11-04
P002926,LOB03,R03,2023-05-14,6986.63,true,2024-05-13
P002927,LOB04,R02,2024-03-26,10699.57,false,2025-03-25
P002928,LOB04,R03,2023-08-23,6284.57,false,2024-08-22
P002929,LOB04,R03,2023-05-16,8118.95,false,2024-05-15
P002930,LOB03,R02,2024-04-21,3192.38,true,2025-04-20
P002931,LOB02,R01,2023-05-08,7923.67,false,2024-05-07
P002932,LOB02,R01,2024-05-06,18290.77,true,2025-05-05
P002933,LOB03,R04,2023-04-29,15109.94,false,2024-04-28
P002934,LOB02,R03,2023-11-14,9394.19,false,2024-11-13
P002935,LOB03,R02,2024-08-12,11455.12,true,2025-08-11
P002936,LOB01,R02,2023-06-16,6021.21,false,2024-06-15
P002937,LOB04,R03,2024-07-14,26230.11,false,2025-07-13
P002938,LOB01,R04,2024-06-10,34223.15,true,2025-06-09
P002939,LOB04,R04,2024-10-20,10925.93,false,2025-10-19
P002940,LOB01,R03,2023-05-04,46836.19,false,2024-05-03
P002941,LOB01,R02,2024-06-06,6580.66,true,2025-06-05
P002942,LOB04,R04,2024-11-14,4672.05,true,2025-11-13
P002943,LOB04,R04,2024-07-11,6465.44,false,2025-07-10
P002944,LOB03,R02,2023-05-18,8675.91,false,2024-05-17
P002945,LOB04,R04,2024-08-23,39625.97,true,2025-08-22
P002946,LOB01,R04,2023-03-20,8360.76,false,2024-03-19
P002947,LOB04,R04,2024-03-05,5908.85,true,2025-03-04
P002948,LOB02,R01,2023-12-30,5772.87,false,2024-12-29
P002949,LOB02,R01,2024-01-23,19614.28,false,2025-01-22
P002950,LOB02,R02,2024-01-15,18004.57,false,2025-01-14
P002951,LOB01,R04,2023-01-23,7396.14,false,2024-01-22
P002952,LOB02,R01,2024-01-06,3211.62,false,2025-01-05
P002953,LOB03,R01,2024-11-14,5028.33,false,2025-11-13
P002954,LOB01,R01,2023-11-15,27798.75,true,2024-11-14
P002955,LOB04,R01,2023-07-22,14962.24,true,2024-07-21
P002956,LOB02,R04,2024-12-27,10293.59,false,2025-12-26
P002957,LOB01,R03,2023-03-14,30372.71,true,2024-03-13
P002958,LOB03,R03,2023-12-21,32048.18,true,2024-12-20
P002959,LOB01,R02,2024-01-10,9685.99,false,2025-01-09
P002960,LOB01,R03,2023-12-15,9793.33,false,2024-12-14
P002961,LOB03,R04,2024-11-03,6979.78,true,2025-11-02
P002962,LOB01,R03,2023-11-04,8343.5,true,2024-11-03
P002963,LOB01,R04,2024-12-11,4057.02,true,2025-12-10
P002964,LOB03,R03,2023-02-18,4047.15,true,2024-02-17
P002965,LOB01,R02,2024-06-19,3520.66,true,2025-06-18
P002966,LOB04,R03,2024-03-08,18969.78,false,2025-03-07
P002967,LOB03,R04,2023-06-25,3878.33,false,2024-06-24
P002968,LOB01,R04,2023-06-16,31887.76,true,2024-06-15
P002969,LOB02,R02,2024-06-09,6385.42,true,2025-06-08
P002970,LOB01,R03,2024-04-10,28068.69,false,2025-04-09
P002971,LOB03,R04,2024-03-22,7950.32,true,2025-03-21
P002972,LOB01,R03,2023-02-07,3867.21,true,2024-02-06
P002973,LOB04,R03,2024-03-12,21381.2,true,2025-03-11
P002974,LOB01,R02,2024-12-17,22951.06,false,2025-12-16
P002975,LOB03,R04,2023-01-13,5746.63,true,2024-01-12
P002976,LOB01,R04,2023-12-09,8111.26,true,2024-12-08
P002977,LOB01,R01,2023-12-27,5747.51,false,2024-12-26
P002978,LOB02,R01,2024-10-16,9206.67,false,2025-10-15
P002979,LOB02,R01,2023-07-26,10558.62,false,2024-07-25
P002980,LOB04,R02,2023-12-14,8015.8,false,2024-12-13
P002981,LOB01,R01,2024-06-07,3323.14,false,2025-06-06
P002982,LOB01,R04,2023-02-14,6984.67,true,2024-02-13
P002983,LOB02,R04,2024-08-07,15094.89,true,2025-08-06
P002984,LOB02,R01,2024-08-23,8731.22,true,2025-08-22
P002985,LOB04,R04,2024-06-09,8131.78,true,2025-06-08
P002986,LOB04,R01,2024-04-18,5662.01,true,2025-04-17
P002987,LOB04,R04,2024-06-29,6863.48,true,2025-06-28
P002988,LOB01,R02,2024-07-24,23048.8,false,2025-07-23
P002989,LOB02,R01,2024-10-21,4994.71,false,2025-10-20
P002990,LOB03,R02,2023-11-09,15252.43,true,2024-11-08
P002991,LOB02,R04,2023-11-29,10180.54,false,2024-11-28
P002992,LOB03,R04,2024-04-10,11463.08,true,2025-04-09
P002993,LOB01,R01,2023-05-21,6377.85,false,2024-05-20
P002994,LOB02,R04,2024-09-17,8013.91,false,2025-09-16
P002995,LOB04,R02,2024-07-16,9863.22,true,2025-07-15
P002996,LOB01,R02,2024-04-05,7241.62,true,2025-04-04
P002997,LOB04,R01,2023-08-09,12074.6,false,2024-08-08
P002998,LOB02,R04,2023-09-11,13022.88,false,2024-09-10
P002999,LOB01,R04,2023-11-14,36447.35,false,2024-11-13
P003000,LOB01,R03,2024-04-28,11694.97,true,2025-04-27
P003001,LOB01,R03,2024-07-21,3142.12,true,2025-07-20
P003002,LOB02,R04,2024-05-05,19886.8,true,2025-05-04
P003003,LOB01,R01,2024-11-09,8757.6,false,2025-11-08
P003004,LOB03,R01,2024-12-02,33095.59,true,2025-12-01
P003005,LOB04,R01,2024-05-29,23922.02,true,2025-05-28
P003006,LOB02,R02,2023-09-28,7308.84,false,2024-09-27
P003007,LOB01,R02,2024-03-13,15262.31,false,2025-03-12
P003008,LOB02,R01,2023-11-07,6930.08,true,2024-11-06
P003009,LOB03,R03,2024-04-04,9913.12,false,2025-04-03
P003010,LOB02,R01,2024-08-15,14847.56,false,2025-08-14
P003011,LOB01,R04,2023-09-27,19298.84,false,2024-09-26
P003012,LOB02,R03,2024-01-05,16934.76,true,2025-01-04
P003013,LOB02,R04,2023-02-03,10352.61,false,2024-02-02
P003014,LOB02,R01,2024-06-21,43916.89,true,2025-06-20
P003015,LOB01,R04,2023-12-24,7950.48,false,2024-12-23
P003016,LOB04,R03,2023-12-02,3773.2,false,2024-12-01
P003017,LOB01,R04,2024-01-24,4235.18,false,2025-01-23
P003018,LOB01,R03,2023-06-07,23966.32,false,2024-06-06
P003019,LOB01,R03,2024-03-12,9452.25,false,2025-03-11
P003020,LOB02,R01,2024-06-27,10888.2,true,2025-06-26
P003021,LOB02,R03,2023-09-13,7147.27,true,2024-09-12
P003022,LOB01,R02,2023-04-06,7543.02,true,2024-04-05
P003023,LOB02,R04,2023-10-10,6171.78,false,2024-10-09
P003024,LOB03,R03,2023-05-25,13130.47,true,2024-05-24
P003025,LOB01,R01,2023-09-30,9335.43,false,2024-09-29
P003026,LOB04,R04,2024-04-02,12848.77,false,2025-04-01
P003027,LOB02,R01,2023-03-24,12132.74,false,2024-03-23
P003028,LOB01,R02,2024-06-29,7665.41,true,2025-06-28
P003029,LOB04,R01,2023-06-13,4124.75,false,2024-06-12
P003030,LOB04,R04,2024-10-15,3914.8,false,2025-10-14
P003031,LOB02,R01,2024-06-18,60839.28,false,2025-06-17
P003032,LOB04,R04,2023-07-18,24026.29,false,2024-07-17
P003033,LOB02,R01,2024-02-16,22117.17,true,2025-02-15
P003034,LOB02,R03,2023-03-22,6602.71,true,2024-03-21
P003035,LOB04,R01,2023-03-14,9953.76,false,2024-03-13
P003036,LOB03,R02,2024-11-28,6067.99,false,2025-11-27
P003037,LOB01,R03,2024-08-08,4504.13,false,2025-08-07
P003038,LOB03,R03,2023-04-23,6951.66,false,2024-04-22
P003039,LOB02,R04,2023-07-26,21932.2,false,2024-07-25
P003040,LOB01,R04,2023-05-25,16390.34,false,2024-05-24
P003041,LOB04,R03,2023-10-16,5530.16,false,2024-10-15
P003042,LOB02,R02,2023-08-01,8193.61,false,2024-07-31
P003043,LOB02,R02,2023-08-28,15513.62,true,2024-08-27
P003044,LOB02,R04,2024-01-22,7026.31,true,2025-01-21
P003045,LOB02,R03,2023-05-19,10381.2,true,2024-05-18
P003046,LOB01,R04,2024-10-06,12595.67,true,2025-10-05
P003047,LOB04,R02,2024-06-15,12513.44,false,2025-06-14
P003048,LOB03,R02,2024-07-09,11527.46,false,2025-07-08
P003049,LOB03,R04,2023-05-04,6686.07,true,2024-05-03
P003050,LOB02,R03,2024-05-31,7111.12,true,2025-05-30
P003051,LOB01,R01,2024-09-02,5013.1,false,2025-09-01
P003052,LOB01,R03,2023-05-08,3878.48,false,2024-05-07
P003053,LOB02,R01,2024-07-02,9238.65,false,2025-07-01
P003054,LOB01,R04,2023-09-19,16151.3,true,2024-09-18
P003055,LOB03,R01,2024-07-28,4323.54,true,2025-07-27
P003056,LOB04,R04,2023-12-16,11658.42,false,2024-12-15
P003057,LOB02,R04,2024-08-08,15847.69,false,2025-08-07
P003058,LOB02,R01,2023-04-18,3287.75,false,2024-04-17
P003059,LOB03,R03,2023-10-12,8413.99,false,2024-10-11
P003060,LOB01,R01,2023-07-19,26575.0,true,2024-07-18
P003061,LOB04,R02,2023-07-01,13782.63,true,2024-06-30
P003062,LOB02,R02,2023-08-14,3221.9,true,2024-08-13
P003063,LOB01,R03,2023-10-07,14691.2,true,2024-10-06
P003064,LOB01,R04,2023-04-03,6319.26,true,2024-04-02
P003065,LOB04,R02,2024-05-31,14984.69,true,2025-05-30
P003066,LOB01,R02,2024-02-06,6541.69,true,2025-02-05
P003067,LOB03,R01,2024-08-28,9587.17,false,2025-08-27
P003068,LOB01,R04,2024-05-29,7168.66,true,2025-05-28
P003069,LOB01,R02,2023-04-19,9915.9,false,2024-04-18
P003070,LOB04,R02,2023-02-21,7041.89,true,2024-02-20
P003071,LOB01,R01,2023-11-05,8654.87,true,2024-11-04
P003072,LOB01,R02,2023-12-18,4888.48,true,2024-12-17
P003073,LOB02,R03,2023-06-25,13285.07,true,2024-06-24
P003074,LOB04,R04,2024-07-25,10994.73,true,2025-07-24
P003075,LOB02,R02,2024-02-29,3752.14,false,2025-02-27
P003076,LOB01,R03,2024-06-30,17957.26,false,2025-06-29
P003077,LOB04,R04,2023-03-21,8903.74,true,2024-03-20
P003078,LOB03,R02,2024-08-18,10905.88,true,2025-08-17
P003079,LOB04,R02,2023-05-31,15658.0,true,2024-05-30
P003080,LOB03,R01,2023-11-24,12051.51,false,2024-11-23
P003081,LOB03,R04,2023-11-17,19912.88,true,2024-11-16
P003082,LOB02,R01,2024-08-22,8300.1,true,2025-08-21
P003083,LOB02,R01,2023-07-22,18410.15,false,2024-07-21
P003084,LOB03,R01,2023-06-25,10654.68,false,2024-06-24
P003085,LOB03,R03,2023-09-05,13421.06,false,2024-09-04
P003086,LOB04,R02,2023-09-21,12609.14,true,2024-09-20
P003087,LOB02,R03,2023-05-13,20836.01,true,2024-05-12
P003088,LOB01,R03,2023-05-09,15257.82,true,2024-05-08
P003089,LOB02,R01,2023-06-18,7587.31,false,2024-06-17
P003090,LOB03,R02,2023-12-08,6736.12,false,2024-12-07
P003091,LOB02,R01,2023-09-08,9606.04,true,2024-09-07
P003092,LOB03,R01,2023-10-14,6272.56,false,2024-10-13
P003093,LOB02,R02,2024-06-08,5264.2,false,2025-06-07
P003094,LOB01,R02,2023-06-25,2760.5,false,2024-06-24
P003095,LOB02,R01,2024-10-26,3906.68,true,2025-10-25
P003096,LOB03,R02,2024-07-02,32573.16,true,2025-07-01
P003097,LOB04,R02,2023-05-08,6674.84,true,2024-05-07
P003098,LOB02,R04,2023-08-18,31010.35,false,2024-08-17
P003099,LOB02,R03,2023-05-14,12605.55,true,2024-05-13
P003100,LOB02,R02,2023-07-19,9606.02,true,2024-07-18
P003101,LOB02,R02,2023-09-24,4022.41,false,2024-09-23
P003102,LOB01,R01,2023-04-06,9924.89,false,2024-04-05
P003103,LOB04,R02,2023-01-11,30801.24,false,2024-01-10
P003104,LOB04,R03,2023-11-17,25199.57,false,2024-11-16
P003105,LOB02,R01,2024-05-26,11667.27,false,2025-05-25
P003106,LOB02,R04,2023-08-10,4968.13,false,2024-08-09
P003107,LOB01,R03,2024-09-20,5573.07,true,2025-09-19
P003108,LOB02,R04,2023-09-27,5933.95,true,2024-09-26
P003109,LOB02,R02,2024-10-19,21309.17,true,2025-10-18
P003110,LOB03,R04,2023-06-22,26344.96,true,2024-06-21
P003111,LOB01,R02,2024-01-29,11131.52,false,2025-01-28
P003112,LOB03,R04,2024-07-11,8251.51,false,2025-07-10
P003113,LOB01,R03,2023-02-13,25064.96,true,2024-02-12
P003114,LOB03,R03,2024-11-09,5501.94,false,2025-11-08
P003115,LOB03,R01,2023-09-24,10209.7,false,2024-09-23
P003116,LOB01,R04,2023-12-30,13066.14,false,2024-12-29
P003117,LOB02,R01,2024-04-03,5897.71,false,2025-04-02
P003118,LOB04,R01,2024-04-14,6757.79,true,2025-04-13
P003119,LOB03,R02,2023-01-18,6449.5,true,2024-01-17
P003120,LOB01,R04,2024-09-25,23156.62,true,2025-09-24
P003121,LOB02,R04,2024-03-31,31213.95,false,2025-03-30
P003122,LOB02,R04,2024-12-30,10602.82,true,2025-12-29
P003123,LOB03,R03,2023-12-11,8425.93,false,2024-12-10
P003124,LOB03,R04,2024-03-23,6905.65,true,2025-03-22
P003125,LOB01,R02,2023-11-18,9907.5,false,2024-11-17
P003126,LOB03,R02,2024-10-11,7114.33,false,2025-10-10
P003127,LOB03,R01,2024-08-30,9337.39,true,2025-08-29
P003128,LOB03,R04,2024-10-25,12682.01,false,2025-10-24
P003129,LOB01,R02,2024-01-04,7760.58,false,2025-01-03
P003130,LOB02,R01,2024-07-31,8832.98,false,2025-07-30
P003131,LOB02,R02,2023-09-19,8854.91,false,2024-09-18
P003132,LOB01,R03,2023-12-03,8180.12,false,2024-12-02
P003133,LOB02,R02,2024-07-08,7594.13,true,2025-07-07
P003134,LOB01,R02,2023-03-01,15635.79,false,2024-02-29
P003135,LOB01,R02,2024-06-02,3420.56,true,2025-06-01
P003136,LOB03,R03,2023-01-12,25452.47,true,2024-01-11
P003137,LOB01,R03,2024-02-28,10735.57,true,2025-02-27
P003138,LOB03,R03,2023-12-15,14271.37,false,2024-12-14
P003139,LOB01,R01,2023-12-09,15291.41,true,2024-12-08
P003140,LOB02,R02,2023-12-27,6471.51,false,2024-12-26
P003141,LOB02,R03,2023-12-26,5718.06,true,2024-12-25
P003142,LOB03,R01,2023-10-25,5327.51,true,2024-10-24
P003143,LOB03,R01,2023-11-26,8533.54,true,2024-11-25
P003144,LOB02,R02,2024-02-19,15055.86,true,2025-02-18
P003145,LOB03,R03,2024-07-11,6972.6,true,2025-07-10
P003146,LOB01,R03,2024-02-08,14253.52,false,2025-02-07
P003147,LOB02,R01,2024-04-14,2390.47,true,2025-04-13
P003148,LOB01,R03,2024-09-02,7853.07,true,2025-09-01
P003149,LOB02,R01,2024-12-23,19936.0,true,2025-12-22
P003150,LOB01,R03,2023-03-21,8932.19,true,2024-03-20
P003151,LOB04,R03,2024-06-04,6018.02,false,2025-06-03
P003152,LOB02,R01,2023-06-14,6673.46,true,2024-06-13
P003153,LOB02,R02,2023-05-24,1608.71,false,2024-05-23
P003154,LOB02,R04,2024-08-01,5393.33,false,2025-07-31
P003155,LOB01,R02,2023-02-20,18663.87,true,2024-02-19
P003156,LOB01,R03,2024-09-10,6977.45,false,2025-09-09
P003157,LOB04,R03,2024-07-16,7489.62,true,2025-07-15
P003158,LOB03,R01,2024-12-27,2442.83,false,2025-12-26
P003159,LOB01,R04,2024-05-02,3720.07,false,2025-05-01
P003160,LOB03,R02,2024-09-29,20211.95,true,2025-09-28
P003161,LOB02,R04,2023-03-28,14333.81,false,2024-03-27
P003162,LOB01,R02,2024-10-11,4543.88,true,2025-10-10
P003163,LOB02,R03,2023-04-28,6779.49,false,2024-04-27
P003164,LOB01,R02,2023-08-18,9725.4,false,2024-08-17
P003165,LOB01,R04,2023-04-04,4828.66,true,2024-04-03
P003166,LOB03,R01,2023-10-21,2973.56,true,2024-10-20
P003167,LOB01,R04,2024-06-30,8995.45,false,2025-06-29
P003168,LOB04,R01,2023-07-15,13954.61,true,2024-07-14
P003169,LOB03,R04,2024-08-23,14116.71,false,2025-08-22
P003170,LOB04,R01,2024-03-18,16733.07,true,2025-03-17
P003171,LOB03,R01,2024-04-04,3896.62,true,2025-04-03
P003172,LOB04,R01,2024-11-16,10247.01,false,2025-11-15
P003173,LOB02,R03,2023-11-12,8424.75,false,2024-11-11
P003174,LOB02,R02,2023-09-09,9392.51,false,2024-09-08
P003175,LOB02,R03,2024-12-27,8716.13,false,2025-12-26
P003176,LOB04,R04,2024-02-11,6659.04,true,2025-02-10
P003177,LOB01,R01,2024-03-24,1618.61,true,2025-03-23
P003178,LOB02,R03,2023-08-05,19872.6,true,2024-08-04
P003179,LOB03,R03,2023-06-07,12064.16,true,2024-06-06
P003180,LOB02,R02,2023-05-04,4061.98,true,2024-05-03
P003181,LOB04,R04,2023-06-13,13146.08,false,2024-06-12
P003182,LOB02,R03,2023-05-23,7567.49,true,2024-05-22
P003183,LOB01,R01,2024-06-29,7697.24,true,2025-06-28
P003184,LOB02,R03,2023-02-12,6241.35,false,2024-02-11
P003185,LOB02,R02,2024-04-04,13659.06,true,2025-04-03
P003186,LOB01,R01,2024-11-23,6124.83,false,2025-11-22
P003187,LOB01,R04,2024-07-12,5125.07,true,2025-07-11
P003188,LOB01,R01,2023-10-22,19517.11,true,2024-10-21
P003189,LOB03,R01,2023-02-13,8889.9,false,2024-02-12
P003190,LOB04,R01,2024-08-31,9058.95,false,2025-08-30
P003191,LOB02,R04,2023-01-03,14995.1,false,2024-01-02
P003192,LOB01,R03,2024-05-12,6630.58,true,2025-05-11
P003193,LOB02,R04,2024-05-04,7473.42,true,2025-05-03
P003194,LOB04,R02,2023-05-21,11889.72,false,2024-05-20
P003195,LOB03,R01,2024-06-24,3925.2,true,2025-06-23
P003196,LOB01,R02,2023-05-09,11301.15,false,2024-05-08
P003197,LOB01,R01,2023-06-14,6289.1,true,2024-06-13
P003198,LOB04,R03,2024-08-15,16535.81,true,2025-08-14
P003199,LOB04,R02,2024-12-15,13739.06,true,2025-12-14
P003200,LOB01,R04,2023-07-13,12692.02,false,2024-07-12
P003201,LOB04,R02,2024-11-03,3773.75,true,2025-11-02
P003202,LOB01,R02,2024-10-28,9301.8,false,2025-10-27
P003203,LOB01,R04,2024-07-15,4883.61,true,2025-07-14
P003204,LOB03,R03,2023-04-13,9680.62,false,2024-04-12
P003205,LOB02,R01,2023-08-07,2467.18,true,2024-08-06
P003206,LOB02,R02,2024-05-09,3926.49,false,2025-05-08
P003207,LOB04,R02,2024-12-30,20199.64,false,2025-12-29
P003208,LOB04,R03,2024-08-17,12350.25,false,2025-08-16
P003209,LOB01,R03,2023-11-03,8004.11,true,2024-11-02
P003210,LOB03,R03,2023-06-21,5737.36,false,2024-06-20
P003211,LOB03,R04,2024-12-02,5163.9,true,2025-12-01
P003212,LOB02,R03,2023-07-21,11160.02,false,2024-07-20
P003213,LOB04,R02,2023-09-07,8053.17,false,2024-09-06
P003214,LOB03,R01,2024-12-05,25033.95,true,2025-12-04
P003215,LOB01,R03,2024-02-15,8858.58,false,2025-02-14
P003216,LOB01,R02,2023-07-13,10252.04,false,2024-07-12
P003217,LOB04,R02,2023-01-04,4302.27,true,2024-01-03
P003218,LOB04,R04,2023-11-10,7971.12,true,2024-11-09
P003219,LOB01,R04,2024-12-20,11005.99,true,2025-12-19
P003220,LOB01,R02,2023-11-12,7913.52,false,2024-11-11
P003221,LOB03,R03,2024-05-25,7395.47,false,2025-05-24
P003222,LOB01,R04,2023-07-04,12041.88,true,2024-07-03
P003223,LOB01,R01,2024-07-20,24560.48,true,2025-07-19
P003224,LOB04,R02,2024-07-20,10796.55,true,2025-07-19
P003225,LOB04,R03,2024-03-20,19663.35,true,2025-03-19
P003226,LOB04,R02,2024-07-17,14370.91,true,2025-07-16
P003227,LOB03,R04,2024-02-27,18969.96,true,2025-02-26
P003228,LOB02,R02,2023-10-04,6864.84,true,2024-10-03
P003229,LOB04,R01,2024-06-22,8741.56,false,2025-06-21
P003230,LOB01,R02,2024-09-01,8763.37,false,2025-08-31
P003231,LOB01,R02,2024-09-05,13735.88,true,2025-09-04
P003232,LOB04,R04,2023-06-05,15921.85,false,2024-06-04
P003233,LOB03,R01,2024-05-08,10668.32,true,2025-05-07
P003234,LOB04,R01,2023-01-04,16747.83,true,2024-01-03
P003235,LOB01,R01,2024-02-22,7058.59,false,2025-02-21
P003236,LOB04,R03,2024-02-21,16835.19,false,2025-02-20
P003237,LOB03,R04,2023-09-23,18205.62,true,2024-09-22
P003238,LOB03,R03,2024-12-26,14861.03,true,2025-12-25
P003239,LOB04,R04,2024-10-06,10726.81,false,2025-10-05
P003240,LOB02,R04,2023-01-29,15183.95,true,2024-01-28
P003241,LOB03,R03,2023-06-02,5788.32,false,2024-06-01
P003242,LOB03,R03,2023-06-01,11148.02,true,2024-05-31
P003243,LOB03,R01,2024-10-17,11852.64,true,2025-10-16
P003244,LOB04,R04,2024-01-14,4457.26,false,2025-01-13
P003245,LOB03,R04,2024-06-16,13157.54,false,2025-06-15
P003246,LOB01,R04,2024-08-14,4678.39,false,2025-08-13
P003247,LOB01,R04,2024-07-14,7656.03,false,2025-07-13
P003248,LOB04,R02,2023-03-07,10136.08,false,2024-03-06
P003249,LOB04,R01,2023-04-13,6384.05,true,2024-04-12
P003250,LOB04,R04,2023-10-16,10399.7,true,2024-10-15
P003251,LOB01,R02,2023-09-05,10300.36,true,2024-09-04
P003252,LOB02,R04,2024-06-29,6050.47,false,2025-06-28
P003253,LOB03,R03,2023-04-25,13915.86,false,2024-04-24
P003254,LOB03,R02,2023-09-29,6257.31,true,2024-09-28
P003255,LOB01,R02,2023-06-22,39057.28,false,2024-06-21
P003256,LOB03,R03,2023-05-18,9267.91,true,2024-05-17
P003257,LOB01,R02,2023-05-07,4901.14,false,2024-05-06
P003258,LOB02,R02,2023-05-23,5482.93,false,2024-05-22
P003259,LOB01,R01,2024-02-16,19703.44,true,2025-02-15
P003260,LOB01,R03,2023-10-27,7742.73,true,2024-10-26
P003261,LOB01,R01,2023-11-14,4366.61,true,2024-11-13
P003262,LOB04,R01,2023-12-16,16518.36,false,2024-12-15
P003263,LOB03,R01,2024-06-24,7712.95,true,2025-06-23
P003264,LOB04,R03,2024-09-21,14647.89,false,2025-09-20
P003265,LOB02,R01,2024-01-20,17349.86,false,2025-01-19
P003266,LOB02,R02,2024-04-13,11668.85,false,2025-04-12
P003267,LOB02,R01,2024-06-23,41670.32,false,2025-06-22
P003268,LOB03,R03,2024-05-18,3516.26,true,2025-05-17
P003269,LOB02,R01,2023-04-09,6058.58,false,2024-04-08
P003270,LOB03,R01,2024-12-18,8488.18,true,2025-12-17
P003271,LOB04,R02,2023-05-01,38434.24,true,2024-04-30
P003272,LOB04,R03,2023-10-28,29108.97,true,2024-10-27
P003273,LOB01,R01,2024-04-21,21444.31,true,2025-04-20
P003274,LOB02,R02,2023-10-22,6145.81,false,2024-10-21
P003275,LOB01,R04,2023-06-27,6591.2,true,2024-06-26
P003276,LOB01,R03,2024-11-05,6020.13,false,2025-11-04
P003277,LOB03,R04,2023-02-22,6185.38,true,2024-02-21
P003278,LOB02,R02,2023-06-29,24236.69,false,2024-06-28
P003279,LOB03,R04,2024-12-25,8550.45,false,2025-12-24
P003280,LOB01,R01,2024-06-16,9256.68,false,2025-06-15
P003281,LOB04,R03,2023-03-05,15750.57,false,2024-03-04
P003282,LOB04,R02,2024-07-04,3647.81,true,2025-07-03
P003283,LOB02,R01,2024-12-08,10214.74,true,2025-12-07
P003284,LOB04,R04,2023-03-13,5124.95,false,2024-03-12
P003285,LOB01,R03,2023-10-30,8294.53,true,2024-10-29
P003286,LOB03,R01,2023-12-08,6961.48,false,2024-12-07
P003287,LOB04,R01,2023-04-06,6749.42,false,2024-04-05
P003288,LOB04,R03,2023-05-27,11331.58,true,2024-05-26
P003289,LOB04,R03,2023-05-07,11301.92,false,2024-05-06
P003290,LOB02,R01,2023-05-16,8674.19,true,2024-05-15
P003291,LOB04,R04,2023-10-22,12362.35,false,2024-10-21
P003292,LOB03,R03,2023-12-05,5877.17,true,2024-12-04
P003293,LOB01,R02,2023-06-23,14897.54,false,2024-06-22
P003294,LOB01,R01,2023-07-31,8745.38,true,2024-07-30
P003295,LOB03,R02,2023-05-21,7404.19,false,2024-05-20
P003296,LOB03,R02,2024-08-04,6143.47,false,2025-08-03
P003297,LOB02,R01,2023-06-04,8562.62,false,2024-06-03
P003298,LOB04,R02,2024-10-24,30405.64,false,2025-10-23
P003299,LOB03,R01,2024-01-29,9528.21,false,2025-01-28
P003300,LOB02,R01,2024-08-08,4980.86,false,2025-08-07
P003301,LOB02,R01,2024-04-09,17176.4,false,2025-04-08
P003302,LOB03,R02,2023-07-14,7456.51,false,2024-07-13
P003303,LOB03,R02,2024-03-14,11734.11,false,2025-03-13
P003304,LOB02,R02,2023-07-20,6881.58,false,2024-07-19
P003305,LOB02,R03,2023-03-28,21342.68,true,2024-03-27
P003306,LOB03,R03,2023-07-05,6943.38,false,2024-07-04
P003307,LOB03,R01,2023-07-21,22895.94,true,2024-07-20
P003308,LOB04,R04,2023-04-09,5273.47,true,2024-04-08
P003309,LOB01,R03,2023-01-18,8302.04,false,2024-01-17
P003310,LOB03,R02,2024-11-19,22925.32,true,2025-11-18
P003311,LOB02,R01,2024-01-10,10947.92,true,2025-01-09
P003312,LOB01,R04,2023-10-21,38672.33,false,2024-10-20
P003313,LOB03,R03,2024-11-09,8421.27,false,2025-11-08
P003314,LOB03,R02,2023-06-14,11547.52,true,2024-06-13
P003315,LOB02,R01,2023-10-22,31041.79,false,2024-10-21
P003316,LOB03,R01,2024-09-10,3990.4,true,2025-09-09
P003317,LOB02,R02,2024-04-06,3704.67,true,2025-04-05
P003318,LOB01,R01,2023-10-19,6140.71,true,2024-10-18
P003319,LOB02,R01,2023-07-06,16123.35,true,2024-07-05
P003320,LOB02,R02,2023-01-26,3767.21,false,2024-01-25
P003321,LOB03,R01,2023-03-04,14160.75,false,2024-03-03
P003322,LOB04,R02,2023-04-29,13575.53,false,2024-04-28
P003323,LOB03,R04,2024-07-28,33144.57,false,2025-07-27
P003324,LOB01,R04,2024-04-11,18532.68,false,2025-04-10
P003325,LOB02,R01,2023-11-13,12313.24,false,2024-11-12
P003326,LOB01,R03,2024-07-25,22370.08,true,2025-07-24
P003327,LOB03,R04,2023-04-28,13675.24,false,2024-04-27
P003328,LOB01,R03,2023-06-03,7509.75,false,2024-06-02
P003329,LOB02,R02,2023-10-14,4980.26,true,2024-10-13
P003330,LOB03,R02,2024-10-31,7033.08,true,2025-10-30
P003331,LOB03,R01,2024-03-24,9662.0,true,2025-03-23
P003332,LOB01,R02,2024-09-13,10992.97,false,2025-09-12
P003333,LOB02,R04,2023-07-01,2748.7,false,2024-06-30
P003334,LOB03,R03,2024-09-11,8675.55,false,2025-09-10
P003335,LOB02,R02,2023-02-22,10068.32,true,2024-02-21
P003336,LOB01,R01,2023-06-16,13746.27,true,2024-06-15
P003337,LOB04,R04,2024-01-17,26267.31,false,2025-01-16
P003338,LOB02,R01,2023-02-06,11063.34,true,2024-02-05
P003339,LOB02,R03,2024-09-18,5734.54,true,2025-09-17
P003340,LOB01,R02,2024-09-25,3324.76,false,2025-09-24
P003341,LOB02,R02,2024-01-31,14946.11,false,2025-01-30
P003342,LOB02,R01,2023-08-12,5875.51,false,2024-08-11
P003343,LOB01,R02,2023-03-14,16648.95,false,2024-03-13
P003344,LOB02,R03,2024-03-27,22889.92,true,2025-03-26
P003345,LOB02,R02,2024-01-28,3918.86,false,2025-01-27
P003346,LOB04,R01,2024-07-08,13798.78,false,2025-07-07
P003347,LOB04,R02,2024-03-15,21494.95,false,2025-03-14
P003348,LOB01,R01,2023-04-04,18240.94,true,2024-04-03
P003349,LOB01,R02,2023-03-30,2813.47,false,2024-03-29
P003350,LOB03,R04,2024-07-24,5930.17,true,2025-07-23
P003351,LOB04,R04,2023-04-27,4591.18,false,2024-04-26
P003352,LOB04,R04,2024-11-16,13549.21,false,2025-11-15
P003353,LOB01,R01,2023-03-19,12682.72,false,2024-03-18
P003354,LOB01,R02,2024-06-15,1961.11,true,2025-06-14
P003355,LOB01,R01,2024-12-12,8262.65,false,2025-12-11
P003356,LOB04,R02,2023-11-19,16001.41,true,2024-11-18
P003357,LOB02,R03,2023-02-11,10816.04,false,2024-02-10
P003358,LOB02,R04,2024-10-01,10804.96,true,2025-09-30
P003359,LOB02,R02,2023-05-17,7950.61,true,2024-05-16
P003360,LOB01,R01,2024-01-21,5242.93,false,2025-01-20
P003361,LOB03,R02,2024-12-19,9796.36,true,2025-12-18
P003362,LOB01,R02,2024-06-27,10211.36,false,2025-06-26
P003363,LOB03,R03,2023-02-03,14316.28,true,2024-02-02
P003364,LOB03,R01,2024-08-21,15031.45,false,2025-08-20
P003365,LOB03,R03,2023-04-28,10420.36,true,2024-04-27
P003366,LOB02,R02,2024-07-01,19090.48,false,2025-06-30
P003367,LOB04,R03,2024-03-29,7903.38,false,2025-03-28
P003368,LOB03,R04,2023-07-30,4161.31,false,2024-07-29
P003369,LOB01,R01,2023-11-06,13177.05,true,2024-11-05
P003370,LOB01,R04,2023-03-28,10676.79,false,2024-03-27
P003371,LOB03,R01,2024-12-21,13335.15,false,2025-12-20
P003372,LOB01,R04,2023-06-23,4634.71,true,2024-06-22
P003373,LOB01,R02,2023-08-14,28983.37,false,2024-08-13
P003374,LOB01,R03,2024-01-03,15158.27,false,2025-01-02
P003375,LOB01,R04,2024-05-05,8326.53,false,2025-05-04
P003376,LOB02,R03,2024-01-04,5646.14,true,2025-01-03
P003377,LOB03,R02,2024-01-04,18888.19,true,2025-01-03
P003378,LOB01,R04,2024-03-01,5109.92,false,2025-02-28
P003379,LOB03,R02,2024-09-18,38438.66,false,2025-09-17
P003380,LOB01,R03,2023-10-16,6850.5,false,2024-10-15
P003381,LOB02,R03,2024-08-30,27786.43,false,2025-08-29
P003382,LOB01,R02,2024-07-28,8860.12,true,2025-07-27
P003383,LOB03,R01,2024-12-02,25551.42,true,2025-12-01
P003384,LOB04,R02,2024-10-28,6368.24,false,2025-10-27
P003385,LOB02,R04,2024-08-05,10009.62,false,2025-08-04
P003386,LOB01,R03,2023-06-30,16040.14,false,2024-06-29
P003387,LOB01,R03,2024-07-19,14724.18,false,2025-07-18
P003388,LOB01,R02,2024-06-21,19157.64,true,2025-06-20
P003389,LOB04,R03,2023-07-31,7387.29,true,2024-07-30
P003390,LOB01,R02,2024-05-09,10413.78,true,2025-05-08
P003391,LOB04,R01,2023-07-04,20931.97,false,2024-07-03
P003392,LOB02,R01,2024-01-17,6482.4,true,2025-01-16
P003393,LOB02,R02,2024-08-04,13954.04,false,2025-08-03
P003394,LOB04,R03,2023-05-18,8677.63,true,2024-05-17
P003395,LOB01,R02,2023-09-03,11198.38,true,2024-09-02
P003396,LOB03,R01,2024-08-03,10412.17,true,2025-08-02
P003397,LOB01,R02,2023-11-28,6167.38,false,2024-11-27
P003398,LOB04,R02,2024-12-02,8464.06,true,2025-12-01
P003399,LOB02,R03,2023-01-06,10796.31,false,2024-01-05
P003400,LOB01,R02,2024-06-10,9305.54,false,2025-06-09
P003401,LOB04,R02,2024-08-17,25428.9,true,2025-08-16
P003402,LOB01,R01,2024-11-01,18141.79,false,2025-10-31
P003403,LOB01,R03,2023-04-25,11778.0,true,2024-04-24
P003404,LOB03,R04,2024-12-19,6261.11,true,2025-12-18
P003405,LOB02,R03,2023-10-14,6036.54,true,2024-10-13
P003406,LOB04,R02,2023-09-14,32347.33,false,2024-09-13
P003407,LOB03,R02,2023-09-17,5399.54,false,2024-09-16
P003408,LOB03,R02,2024-04-10,10596.89,true,2025-04-09
P003409,LOB01,R01,2024-04-26,12290.34,false,2025-04-25
P003410,LOB01,R01,2023-12-12,8210.8,false,2024-12-11
P003411,LOB04,R04,2023-02-21,5424.48,false,2024-02-20
P003412,LOB01,R04,2024-12-21,6179.93,false,2025-12-20
P003413,LOB02,R04,2023-06-12,7130.22,false,2024-06-11
P003414,LOB01,R03,2023-03-10,6465.94,false,2024-03-09
P003415,LOB01,R04,2024-03-12,21952.41,true,2025-03-11
P003416,LOB02,R02,2023-10-29,9843.08,false,2024-10-28
P003417,LOB03,R02,2024-03-25,7228.01,true,2025-03-24
P003418,LOB03,R01,2024-10-01,10553.1,false,2025-09-30
P003419,LOB04,R01,2023-03-13,14776.21,false,2024-03-12
P003420,LOB01,R03,2023-07-27,8048.4,true,2024-07-26
P003421,LOB02,R01,2024-01-13,17003.74,true,2025-01-12
P003422,LOB01,R04,2024-07-29,4616.13,false,2025-07-28
P003423,LOB03,R04,2024-03-14,19985.9,false,2025-03-13
P003424,LOB02,R02,2023-10-07,9844.11,false,2024-10-06
P003425,LOB02,R03,2024-03-21,9616.09,false,2025-03-20
P003426,LOB01,R01,2024-12-16,6530.19,true,2025-12-15
P003427,LOB04,R02,2023-12-17,4737.62,true,2024-12-16
P003428,LOB04,R01,2024-10-06,3640.94,false,2025-10-05
P003429,LOB04,R01,2024-07-23,6262.5,true,2025-07-22
P003430,LOB01,R01,2023-08-08,14081.31,false,2024-08-07
P003431,LOB04,R04,2023-07-02,5559.33,true,2024-07-01
P003432,LOB01,R03,2024-07-16,3908.59,true,2025-07-15
P003433,LOB02,R04,2023-06-01,5736.25,false,2024-05-31
P003434,LOB01,R04,2023-09-03,7856.53,false,2024-09-02
P003435,LOB01,R04,2023-06-21,8044.14,false,2024-06-20
P003436,LOB02,R04,2024-03-18,9160.58,true,2025-03-17
P003437,LOB01,R01,2023-08-03,18390.03,false,2024-08-02
P003438,LOB02,R04,2024-04-25,20942.85,false,2025-04-24
P003439,LOB03,R03,2024-11-13,32967.5,false,2025-11-12
P003440,LOB04,R01,2024-08-28,3733.33,false,2025-08-27
P003441,LOB03,R01,2024-11-23,5922.24,true,2025-11-22
P003442,LOB02,R04,2023-01-18,15049.37,false,2024-01-17
P003443,LOB01,R04,2023-11-29,7537.01,false,2024-11-28
P003444,LOB04,R02,2023-06-10,16588.61,false,2024-06-09
P003445,LOB01,R01,2024-11-01,11206.71,false,2025-10-31
P003446,LOB01,R02,2024-06-03,25527.78,true,2025-06-02
P003447,LOB01,R01,2023-08-22,18501.92,false,2024-08-21
P003448,LOB03,R03,2024-02-16,18706.19,true,2025-02-15
P003449,LOB02,R02,2024-03-17,7730.1,true,2025-03-16
P003450,LOB03,R01,2023-12-28,9334.98,false,2024-12-27
P003451,LOB02,R04,2023-12-13,8240.76,true,2024-12-12
P003452,LOB02,R04,2023-02-10,4009.67,false,2024-02-09
P003453,LOB02,R04,2023-11-27,23934.15,true,2024-11-26
P003454,LOB01,R04,2023-09-12,15478.89,true,2024-09-11
P003455,LOB02,R01,2024-08-20,8046.43,true,2025-08-19
P003456,LOB03,R04,2024-09-23,21649.89,true,2025-09-22
P003457,LOB02,R04,2024-07-01,6780.32,true,2025-06-30
P003458,LOB01,R04,2023-01-23,3284.99,true,2024-01-22
P003459,LOB03,R02,2024-09-06,18113.66,true,2025-09-05
P003460,LOB02,R02,2023-10-17,4595.64,true,2024-10-16
P003461,LOB01,R04,2023-10-31,8800.24,true,2024-10-30
P003462,LOB01,R01,2024-11-20,11200.05,true,2025-11-19
P003463,LOB02,R03,2024-09-25,12472.47,true,2025-09-24
P003464,LOB02,R04,2023-02-07,16465.8,true,2024-02-06
P003465,LOB03,R04,2023-09-20,14023.8,true,2024-09-19
P003466,LOB01,R03,2024-07-01,13765.7,true,2025-06-30
P003467,LOB03,R04,2024-01-29,6158.26,true,2025-01-28
P003468,LOB01,R04,2023-07-08,11808.16,true,2024-07-07
P003469,LOB03,R04,2024-01-19,4010.5,false,2025-01-18
P003470,LOB03,R01,2024-09-24,25267.71,true,2025-09-23
P003471,LOB02,R01,2023-06-13,4266.12,true,2024-06-12
P003472,LOB01,R02,2024-06-28,8039.61,false,2025-06-27
P003473,LOB02,R02,2024-06-20,4485.81,false,2025-06-19
P003474,LOB04,R02,2024-10-08,6386.24,true,2025-10-07
P003475,LOB04,R01,2023-08-06,9977.19,false,2024-08-05
P003476,LOB01,R03,2023-06-07,7206.55,false,2024-06-06
P003477,LOB03,R01,2024-02-04,19664.06,false,2025-02-03
P003478,LOB02,R04,2024-01-23,11340.56,false,2025-01-22
P003479,LOB01,R03,2023-10-26,7496.97,false,2024-10-25
P003480,LOB03,R04,2024-07-22,9134.84,false,2025-07-21
P003481,LOB02,R01,2024-08-06,20574.76,true,2025-08-05
P003482,LOB02,R02,2023-06-29,17074.18,false,2024-06-28
P003483,LOB04,R04,2024-08-03,4997.72,false,2025-08-02
P003484,LOB02,R02,2023-06-18,6578.81,true,2024-06-17
P003485,LOB03,R03,2023-10-25,13159.17,true,2024-10-24
P003486,LOB02,R01,2023-01-20,12234.56,false,2024-01-19
P003487,LOB01,R04,2023-09-06,5269.92,false,2024-09-05
P003488,LOB02,R02,2024-11-30,15513.66,false,2025-11-29
P003489,LOB04,R04,2023-11-20,5799.2,true,2024-11-19
P003490,LOB02,R02,2024-06-02,21639.94,false,2025-06-01
P003491,LOB01,R01,2023-03-20,13597.88,true,2024-03-19
P003492,LOB03,R03,2024-04-08,5018.29,false,2025-04-07
P003493,LOB04,R02,2023-09-29,7205.17,true,2024-09-28
P003494,LOB04,R02,2024-06-27,7130.41,true,2025-06-26
P003495,LOB02,R04,2024-11-08,10893.55,true,2025-11-07
P003496,LOB02,R02,2024-01-24,8757.05,true,2025-01-23
P003497,LOB02,R02,2023-03-17,4977.62,true,2024-03-16
P003498,LOB04,R03,2023-12-14,4287.44,false,2024-12-13
P003499,LOB04,R01,2023-03-31,13758.53,true,2024-03-30
P003500,LOB04,R04,2023-11-25,11751.57,false,2024-11-24
P003501,LOB02,R01,2023-02-14,10544.11,false,2024-02-13
P003502,LOB01,R01,2024-04-12,11642.75,true,2025-04-11
P003503,LOB02,R01,2023-08-15,6827.05,false,2024-08-14
P003504,LOB01,R02,2023-05-28,11052.32,false,2024-05-27
P003505,LOB01,R03,2023-01-13,45392.55,false,2024-01-12
P003506,LOB02,R03,2024-10-10,20025.07,false,2025-10-09
P003507,LOB03,R04,2024-09-03,8324.47,false,2025-09-02
P003508,LOB04,R04,2024-08-15,7229.87,false,2025-08-14
P003509,LOB03,R02,2023-02-12,1778.87,true,2024-02-11
P003510,LOB04,R04,2023-09-13,18792.56,true,2024-09-12
P003511,LOB03,R01,2024-12-10,15866.47,false,2025-12-09
P003512,LOB03,R01,2024-02-27,7141.68,true,2025-02-26
P003513,LOB01,R02,2023-04-04,4192.18,false,2024-04-03
P003514,LOB03,R03,2023-04-13,4948.5,true,2024-04-12
P003515,LOB01,R01,2023-07-12,12921.38,true,2024-07-11
P003516,LOB01,R04,2024-12-10,9380.57,false,2025-12-09
P003517,LOB01,R02,2023-05-04,14987.25,true,2024-05-03
P003518,LOB04,R02,2024-10-21,10424.0,true,2025-10-20
P003519,LOB03,R03,2024-05-09,17677.63,false,2025-05-08
P003520,LOB04,R02,2024-11-03,12354.12,false,2025-11-02
P003521,LOB04,R02,2024-08-25,16273.24,false,2025-08-24
P003522,LOB04,R04,2023-08-31,2824.79,true,2024-08-30
P003523,LOB01,R02,2024-08-27,4719.19,false,2025-08-26
P003524,LOB04,R01,2023-05-04,7953.67,false,2024-05-03
P003525,LOB04,R03,2023-08-01,18915.58,false,2024-07-31
P003526,LOB04,R03,2023-06-04,30586.62,true,2024-06-03
P003527,LOB01,R01,2023-04-08,8968.36,true,2024-04-07
P003528,LOB01,R04,2023-03-07,6857.18,false,2024-03-06
P003529,LOB04,R02,2023-05-17,3062.6,false,2024-05-16
P003530,LOB01,R01,2023-03-29,16616.28,true,2024-03-28
P003531,LOB02,R01,2023-10-05,7114.47,false,2024-10-04
P003532,LOB02,R03,2023-02-22,58395.89,false,2024-02-21
P003533,LOB01,R01,2023-02-14,6350.94,true,2024-02-13
P003534,LOB01,R02,2024-12-23,35002.16,false,2025-12-22
P003535,LOB04,R03,2023-03-06,15506.59,true,2024-03-05
P003536,LOB04,R04,2023-02-24,5340.32,false,2024-02-23
P003537,LOB04,R02,2023-01-22,11376.29,false,2024-01-21
P003538,LOB01,R04,2023-04-07,15722.19,false,2024-04-06
P003539,LOB01,R02,2024-01-21,8645.97,false,2025-01-20
P003540,LOB02,R04,2024-08-26,16363.19,false,2025-08-25
P003541,LOB02,R02,2024-06-20,16148.37,true,2025-06-19
P003542,LOB01,R01,2024-02-28,14154.72,false,2025-02-27
P003543,LOB03,R03,2023-03-04,9799.79,false,2024-03-03
P003544,LOB04,R04,2024-07-19,4890.43,true,2025-07-18
P003545,LOB02,R04,2023-01-28,9451.5,false,2024-01-27
P003546,LOB02,R04,2024-04-05,10999.87,true,2025-04-04
P003547,LOB02,R01,2023-10-26,3211.1,false,2024-10-25
P003548,LOB01,R03,2024-10-05,10954.89,false,2025-10-04
P003549,LOB01,R03,2023-08-13,9338.67,false,2024-08-12
P003550,LOB02,R03,2024-04-11,4546.1,false,2025-04-10
P003551,LOB02,R01,2023-11-18,8104.67,true,2024-11-17
P003552,LOB02,R01,2024-01-17,8208.23,false,2025-01-16
P003553,LOB04,R03,2024-11-16,31509.89,false,2025-11-15
P003554,LOB01,R04,2024-06-04,11294.5,true,2025-06-03
P003555,LOB01,R01,2023-10-30,18428.01,true,2024-10-29
P003556,LOB01,R01,2023-11-23,9221.66,false,2024-11-22
P003557,LOB01,R02,2024-05-29,3215.22,false,2025-05-28
P003558,LOB02,R02,2023-09-10,14815.14,true,2024-09-09
P003559,LOB04,R04,2023-05-03,6668.08,true,2024-05-02
P003560,LOB04,R04,2023-12-08,8092.07,true,2024-12-07
P003561,LOB03,R03,2023-02-19,5261.74,false,2024-02-18
P003562,LOB02,R04,2023-05-04,10338.82,false,2024-05-03
P003563,LOB01,R01,2023-11-04,18752.96,false,2024-11-03
P003564,LOB02,R04,2024-08-04,17320.44,false,2025-08-03
P003565,LOB02,R02,2024-07-24,25635.0,true,2025-07-23
P003566,LOB04,R02,2023-07-10,27910.99,false,2024-07-09
P003567,LOB02,R01,2023-11-05,2900.03,true,2024-11-04
P003568,LOB01,R01,2023-04-23,4835.92,true,2024-04-22
P003569,LOB01,R01,2024-07-05,3344.54,false,2025-07-04
P003570,LOB01,R02,2023-06-29,14460.24,false,2024-06-28
P003571,LOB04,R01,2024-08-06,6529.93,false,2025-08-05
P003572,LOB01,R01,2024-09-06,7379.73,true,2025-09-05
P003573,LOB01,R03,2024-05-18,8690.98,true,2025-05-17
P003574,LOB01,R04,2023-08-30,12450.83,true,2024-08-29
P003575,LOB04,R01,2024-11-26,4059.47,false,2025-11-25
P003576,LOB02,R03,2024-05-15,4650.28,true,2025-05-14
P003577,LOB03,R04,2024-04-16,9904.83,false,2025-04-15
P003578,LOB02,R02,2024-09-17,20317.7,false,2025-09-16
P003579,LOB01,R01,2024-10-05,9747.46,false,2025-10-04
P003580,LOB04,R01,2023-02-26,6154.9,false,2024-02-25
P003581,LOB01,R04,2024-10-05,2727.32,true,2025-10-04
P003582,LOB01,R02,2024-07-12,17528.88,false,2025-07-11
P003583,LOB02,R01,2023-05-31,6364.18,false,2024-05-30
P003584,LOB01,R04,2023-08-13,4971.8,false,2024-08-12
P003585,LOB01,R04,2024-07-03,3536.19,false,2025-07-02
P003586,LOB04,R03,2023-06-08,4173.62,true,2024-06-07
P003587,LOB02,R01,2023-11-27,5559.54,true,2024-11-26
P003588,LOB01,R01,2024-05-17,8575.72,true,2025-05-16
P003589,LOB02,R01,2024-04-19,4792.25,false,2025-04-18
P003590,LOB03,R01,2024-10-26,11063.7,false,2025-10-25
P003591,LOB01,R03,2023-03-23,8536.71,false,2024-03-22
P003592,LOB01,R02,2023-08-04,37541.24,false,2024-08-03
P003593,LOB03,R04,2024-12-19,3559.35,true,2025-12-18
P003594,LOB03,R01,2024-02-20,10904.03,false,2025-02-19
P003595,LOB04,R03,2023-07-01,10986.29,false,2024-06-30
P003596,LOB02,R04,2023-07-31,5332.98,true,2024-07-30
P003597,LOB01,R01,2023-09-05,10479.24,false,2024-09-04
P003598,LOB02,R03,2024-02-09,15705.35,false,2025-02-08
P003599,LOB03,R03,2023-07-27,10487.03,false,2024-07-26
P003600,LOB01,R01,2024-03-29,22712.66,true,2025-03-28
P003601,LOB02,R02,2023-11-22,2679.51,false,2024-11-21
P003602,LOB01,R04,2024-03-21,5970.94,false,2025-03-20
P003603,LOB04,R04,2023-04-24,23981.4,false,2024-04-23
P003604,LOB04,R02,2024-03-31,17106.53,true,2025-03-30
P003605,LOB02,R01,2024-11-06,13688.44,true,2025-11-05
P003606,LOB04,R01,2023-04-09,20742.28,false,2024-04-08
P003607,LOB04,R04,2023-08-28,3134.0,true,2024-08-27
P003608,LOB01,R03,2024-05-21,15952.43,true,2025-05-20
P003609,LOB02,R02,2024-03-26,18743.87,false,2025-03-25
P003610,LOB03,R01,2024-05-07,6666.03,true,2025-05-06
P003611,LOB01,R04,2024-02-13,47932.18,true,2025-02-12
P003612,LOB02,R02,2024-05-13,11134.56,false,2025-05-12
P003613,LOB01,R03,2024-03-20,2655.37,true,2025-03-19
P003614,LOB04,R04,2023-02-24,12441.13,false,2024-02-23
P003615,LOB02,R03,2024-07-02,6425.85,true,2025-07-01
P003616,LOB03,R04,2023-11-23,19910.39,true,2024-11-22
P003617,LOB02,R03,2023-02-07,13749.62,true,2024-02-06
P003618,LOB01,R02,2023-10-26,6913.61,true,2024-10-25
P003619,LOB04,R04,2023-11-14,24378.85,true,2024-11-13
P003620,LOB01,R03,2023-03-05,17390.35,false,2024-03-04
P003621,LOB01,R04,2024-12-28,6022.44,false,2025-12-27
P003622,LOB02,R01,2023-06-12,9034.2,true,2024-06-11
P003623,LOB03,R03,2023-08-30,13496.02,true,2024-08-29
P003624,LOB02,R03,2023-11-18,7954.09,false,2024-11-17
P003625,LOB01,R01,2024-08-30,8097.9,false,2025-08-29
P003626,LOB02,R02,2024-06-26,10117.63,true,2025-06-25
P003627,LOB01,R04,2024-07-16,5221.4,true,2025-07-15
P003628,LOB01,R03,2023-06-23,2592.4,true,2024-06-22
P003629,LOB02,R04,2024-09-09,11424.11,false,2025-09-08
P003630,LOB01,R01,2024-08-28,3000.88,true,2025-08-27
P003631,LOB01,R01,2023-12-05,5454.39,false,2024-12-04
P003632,LOB03,R04,2024-02-03,3418.82,true,2025-02-02
P003633,LOB03,R02,2023-01-28,3680.98,true,2024-01-27
P003634,LOB01,R04,2024-07-09,12782.25,false,2025-07-08
P003635,LOB02,R04,2024-12-02,8661.26,true,2025-12-01
P003636,LOB01,R02,2023-12-11,8475.71,false,2024-12-10
P003637,LOB04,R04,2024-01-30,4493.82,false,2025-01-29
P003638,LOB01,R04,2023-12-31,6677.44,false,2024-12-30
P003639,LOB01,R01,2023-03-02,12405.23,false,2024-03-01
P003640,LOB02,R01,2024-03-28,9592.6,true,2025-03-27
P003641,LOB01,R01,2024-06-10,16213.58,true,2025-06-09
P003642,LOB01,R03,2024-11-08,17659.96,false,2025-11-07
P003643,LOB01,R01,2024-11-09,8507.2,false,2025-11-08
P003644,LOB03,R02,2023-12-26,3257.29,true,2024-12-25
P003645,LOB03,R02,2024-12-01,6285.58,true,2025-11-30
P003646,LOB03,R01,2024-01-21,9333.7,true,2025-01-20
P003647,LOB03,R02,2024-04-13,6211.19,true,2025-04-12
P003648,LOB02,R03,2024-03-15,5256.53,true,2025-03-14
P003649,LOB04,R04,2024-12-30,10320.13,false,2025-12-29
P003650,LOB03,R02,2024-06-22,42539.22,false,2025-06-21
P003651,LOB04,R03,2023-03-29,7384.12,true,2024-03-28
P003652,LOB03,R03,2023-02-22,9880.48,true,2024-02-21
P003653,LOB02,R02,2023-10-27,4504.26,true,2024-10-26
P003654,LOB01,R03,2024-01-12,20869.43,true,2025-01-11
P003655,LOB02,R04,2024-05-03,16728.11,false,2025-05-02
P003656,LOB01,R01,2023-12-18,16049.62,true,2024-12-17
P003657,LOB02,R03,2024-01-11,22378.98,false,2025-01-10
P003658,LOB01,R01,2024-11-03,7658.68,false,2025-11-02
P003659,LOB01,R04,2023-09-02,8254.79,false,2024-09-01
P003660,LOB04,R03,2023-12-27,27609.83,false,2024-12-26
P003661,LOB03,R01,2024-02-11,14467.16,false,2025-02-10
P003662,LOB02,R03,2023-12-08,2613.56,false,2024-12-07
P003663,LOB02,R02,2024-12-07,13002.44,true,2025-12-06
P003664,LOB02,R01,2024-12-03,6981.24,false,2025-12-02
P003665,LOB04,R04,2024-01-10,16964.92,true,2025-01-09
P003666,LOB03,R02,2023-11-25,12643.7,true,2024-11-24
P003667,LOB03,R01,2024-03-05,3483.09,false,2025-03-04
P003668,LOB02,R03,2023-05-13,11629.47,true,2024-05-12
P003669,LOB02,R02,2023-11-07,11230.37,true,2024-11-06
P003670,LOB03,R03,2023-06-08,12308.9,true,2024-06-07
P003671,LOB04,R01,2023-04-16,13979.08,true,2024-04-15
P003672,LOB02,R04,2023-03-11,24284.16,true,2024-03-10
P003673,LOB02,R02,2024-03-04,12687.0,true,2025-03-03
P003674,LOB02,R02,2023-01-01,10034.04,false,2023-12-31
P003675,LOB02,R04,2024-04-16,19708.01,false,2025-04-15
P003676,LOB04,R03,2023-11-12,38011.52,true,2024-11-11
P003677,LOB03,R01,2023-09-25,17137.81,false,2024-09-24
P003678,LOB02,R03,2024-07-15,11200.61,false,2025-07-14
P003679,LOB02,R03,2024-01-29,12829.7,false,2025-01-28
P003680,LOB02,R02,2024-06-19,11540.6,false,2025-06-18
P003681,LOB01,R01,2024-06-01,10007.71,false,2025-05-31
P003682,LOB02,R01,2023-01-24,36282.92,true,2024-01-23
P003683,LOB04,R04,2023-06-07,6314.27,false,2024-06-06
P003684,LOB03,R01,2024-02-21,19790.23,false,2025-02-20
P003685,LOB01,R03,2024-12-13,9177.28,false,2025-12-12
P003686,LOB03,R04,2023-04-23,4071.43,true,2024-04-22
P003687,LOB03,R02,2023-03-19,8839.71,false,2024-03-18
P003688,LOB01,R01,2024-11-17,7129.06,false,2025-11-16
P003689,LOB03,R03,2024-12-06,13996.27,true,2025-12-05
P003690,LOB03,R03,2023-05-03,10454.42,false,2024-05-02
P003691,LOB04,R01,2023-10-21,5360.35,false,2024-10-20
P003692,LOB01,R03,2024-04-02,23923.22,false,2025-04-01
P003693,LOB01,R01,2023-05-23,19035.87,true,2024-05-22
P003694,LOB02,R02,2023-08-27,25632.93,false,2024-08-26
P003695,LOB01,R02,2023-10-16,11409.24,false,2024-10-15
P003696,LOB02,R04,2024-04-13,9687.19,true,2025-04-12
P003697,LOB03,R04,2023-08-13,15095.26,false,2024-08-12
P003698,LOB01,R03,2023-10-28,6998.95,true,2024-10-27
P003699,LOB02,R03,2023-07-31,10700.39,false,2024-07-30
P003700,LOB04,R01,2024-07-08,8907.0,false,2025-07-07
P003701,LOB02,R01,2023-04-22,4119.06,false,2024-04-21
P003702,LOB02,R04,2023-06-18,10683.69,false,2024-06-17
P003703,LOB02,R02,2023-07-02,7596.33,true,2024-07-01
P003704,LOB01,R03,2024-10-23,8556.69,false,2025-10-22
P003705,LOB01,R03,2024-11-20,12311.28,true,2025-11-19
P003706,LOB03,R02,2024-01-01,21237.42,false,2024-12-31
P003707,LOB02,R03,2023-04-25,5947.57,true,2024-04-24
P003708,LOB01,R03,2024-07-05,8087.42,false,2025-07-04
P003709,LOB01,R01,2023-12-26,6253.84,false,2024-12-25
P003710,LOB04,R03,2024-09-12,6014.28,true,2025-09-11
P003711,LOB01,R01,2023-09-20,6927.53,true,2024-09-19
P003712,LOB03,R02,2024-12-30,8796.68,true,2025-12-29
P003713,LOB02,R04,2024-08-12,14066.1,true,2025-08-11
P003714,LOB02,R04,2023-06-13,11995.27,true,2024-06-12
P003715,LOB01,R01,2024-06-13,5249.49,false,2025-06-12
P003716,LOB01,R03,2023-07-29,21514.8,false,2024-07-28
P003717,LOB02,R03,2023-09-13,17442.19,false,2024-09-12
P003718,LOB03,R03,2023-07-02,5763.43,true,2024-07-01
P003719,LOB01,R04,2024-05-13,20629.28,true,2025-05-12
P003720,LOB02,R01,2023-07-11,12042.09,false,2024-07-10
P003721,LOB02,R03,2024-04-11,9010.33,false,2025-04-10
P003722,LOB01,R02,2024-03-01,12269.21,false,2025-02-28
P003723,LOB02,R01,2024-07-02,9745.27,false,2025-07-01
P003724,LOB01,R02,2024-12-26,13726.0,false,2025-12-25
P003725,LOB02,R01,2023-01-07,11074.38,false,2024-01-06
P003726,LOB01,R03,2024-12-23,8083.21,false,2025-12-22
P003727,LOB02,R03,2023-03-21,2935.12,true,2024-03-20
P003728,LOB02,R03,2024-01-20,13579.4,false,2025-01-19
P003729,LOB02,R01,2023-09-06,7909.4,false,2024-09-05
P003730,LOB02,R04,2024-04-11,15784.25,true,2025-04-10
P003731,LOB04,R01,2024-06-10,13213.64,false,2025-06-09
P003732,LOB02,R02,2024-09-19,8033.71,false,2025-09-18
P003733,LOB04,R02,2023-10-21,18284.21,false,2024-10-20
P003734,LOB01,R03,2024-11-12,11191.45,true,2025-11-11
P003735,LOB02,R02,2023-08-24,10918.19,true,2024-08-23
P003736,LOB01,R04,2023-05-29,9110.05,false,2024-05-28
P003737,LOB02,R04,2023-10-04,27177.19,true,2024-10-03
P003738,LOB03,R04,2024-01-21,6451.32,true,2025-01-20
P003739,LOB04,R01,2024-05-02,8155.07,true,2025-05-01
P003740,LOB02,R04,2024-08-30,4710.73,true,2025-08-29
P003741,LOB03,R01,2023-06-14,15306.59,false,2024-06-13
P003742,LOB01,R04,2023-08-10,6979.35,false,2024-08-09
P003743,LOB01,R04,2024-11-16,7464.98,true,2025-11-15
P003744,LOB03,R01,2023-11-18,7257.84,false,2024-11-17
P003745,LOB01,R01,2023-06-26,10276.69,true,2024-06-25
P003746,LOB01,R03,2024-12-20,4672.94,true,2025-12-19
P003747,LOB04,R01,2023-11-24,2576.15,false,2024-11-23
P003748,LOB04,R04,2024-12-20,13024.96,false,2025-12-19
P003749,LOB03,R03,2024-11-02,2784.62,true,2025-11-01
P003750,LOB02,R03,2024-10-23,16522.57,false,2025-10-22
P003751,LOB04,R04,2024-02-29,25213.04,true,2025-02-27
P003752,LOB01,R01,2024-08-05,8968.43,false,2025-08-04
P003753,LOB02,R03,2024-12-02,21583.75,true,2025-12-01
P003754,LOB02,R04,2023-07-16,9754.13,false,2024-07-15
P003755,LOB04,R01,2023-01-28,25836.53,false,2024-01-27
P003756,LOB04,R01,2023-08-23,7527.13,true,2024-08-22
P003757,LOB03,R01,2024-04-09,2394.84,false,2025-04-08
P003758,LOB01,R02,2024-02-04,9433.79,false,2025-02-03
P003759,LOB02,R01,2023-02-28,27578.12,true,2024-02-27
P003760,LOB01,R01,2024-02-14,13642.99,false,2025-02-13
P003761,LOB04,R04,2023-05-08,7264.87,false,2024-05-07
P003762,LOB01,R02,2024-01-05,12056.28,true,2025-01-04
P003763,LOB01,R02,2024-02-25,17724.0,false,2025-02-24
P003764,LOB03,R02,2024-04-09,9401.55,true,2025-04-08
P003765,LOB02,R04,2023-10-29,47850.37,false,2024-10-28
P003766,LOB04,R02,2023-10-26,7255.75,false,2024-10-25
P003767,LOB01,R02,2024-05-10,18060.93,false,2025-05-09
P003768,LOB04,R04,2024-06-30,15633.36,false,2025-06-29
P003769,LOB01,R01,2024-08-12,6503.55,false,2025-08-11
P003770,LOB01,R02,2023-09-01,7672.02,true,2024-08-31
P003771,LOB02,R03,2023-11-06,18230.64,true,2024-11-05
P003772,LOB01,R03,2023-08-30,10795.37,false,2024-08-29
P003773,LOB02,R04,2024-01-21,12122.8,true,2025-01-20
P003774,LOB01,R04,2023-04-03,3708.64,false,2024-04-02
P003775,LOB01,R02,2023-11-10,14670.58,true,2024-11-09
P003776,LOB03,R04,2023-05-18,11759.05,true,2024-05-17
P003777,LOB01,R01,2024-01-24,9524.8,true,2025-01-23
P003778,LOB03,R01,2024-09-12,12289.93,false,2025-09-11
P003779,LOB03,R04,2024-12-20,7742.42,true,2025-12-19
P003780,LOB01,R01,2023-11-22,6938.62,true,2024-11-21
P003781,LOB03,R02,2023-02-11,8560.11,false,2024-02-10
P003782,LOB01,R03,2023-06-16,7491.15,false,2024-06-15
P003783,LOB02,R02,2023-03-18,36618.83,false,2024-03-17
P003784,LOB01,R04,2024-07-08,17104.94,true,2025-07-07
P003785,LOB04,R02,2024-12-19,5535.4,true,2025-12-18
P003786,LOB02,R03,2024-02-09,33583.08,false,2025-02-08
P003787,LOB02,R01,2023-05-10,7633.38,true,2024-05-09
P003788,LOB04,R01,2023-01-16,10073.6,true,2024-01-15
P003789,LOB02,R01,2024-12-13,16957.24,false,2025-12-12
P003790,LOB04,R03,2023-08-19,3035.12,true,2024-08-18
P003791,LOB03,R01,2023-03-23,8585.11,false,2024-03-22
P003792,LOB04,R03,2023-05-10,7016.36,true,2024-05-09
P003793,LOB04,R02,2023-07-06,11193.05,true,2024-07-05
P003794,LOB04,R03,2024-04-23,12357.64,true,2025-04-22
P003795,LOB01,R04,2024-10-13,9448.81,false,2025-10-12
P003796,LOB03,R04,2023-07-20,9189.45,false,2024-07-19
P003797,LOB04,R01,2024-05-16,18752.43,false,2025-05-15
P003798,LOB03,R04,2023-02-17,11859.58,true,2024-02-16
P003799,LOB01,R04,2023-01-08,10146.2,false,2024-01-07
P003800,LOB04,R03,2023-02-10,10815.36,false,2024-02-09
P003801,LOB01,R01,2024-11-04,29778.25,false,2025-11-03
P003802,LOB02,R03,2024-02-29,10977.52,false,2025-02-27
P003803,LOB02,R03,2024-08-10,7268.69,false,2025-08-09
P003804,LOB01,R03,2023-01-16,3148.25,false,2024-01-15
P003805,LOB03,R02,2023-01-17,4186.57,true,2024-01-16
P003806,LOB01,R03,2024-09-11,7478.48,false,2025-09-10
P003807,LOB03,R03,2023-03-16,9274.04,true,2024-03-15
P003808,LOB04,R02,2023-04-24,7091.32,false,2024-04-23
P003809,LOB02,R04,2024-01-14,12218.25,true,2025-01-13
P003810,LOB03,R03,2024-03-18,7036.7,true,2025-03-17
P003811,LOB01,R02,2023-06-17,5717.61,true,2024-06-16
P003812,LOB04,R03,2023-11-21,14293.87,false,2024-11-20
P003813,LOB04,R04,2024-05-07,22508.24,true,2025-05-06
P003814,LOB01,R02,2023-11-20,5093.39,false,2024-11-19
P003815,LOB03,R03,2023-10-07,11455.55,false,2024-10-06
P003816,LOB02,R01,2023-02-22,3155.8,true,2024-02-21
P003817,LOB02,R02,2023-11-26,4085.82,false,2024-11-25
P003818,LOB03,R03,2024-08-09,6951.69,false,2025-08-08
P003819,LOB02,R04,2024-04-02,19554.22,false,2025-04-01
P003820,LOB03,R03,2024-10-13,6202.93,true,2025-10-12
P003821,LOB01,R03,2023-04-03,6065.3,false,2024-04-02
P003822,LOB02,R02,2023-01-09,10113.76,true,2024-01-08
P003823,LOB04,R03,2024-02-05,10119.81,false,2025-02-04
P003824,LOB01,R02,2023-05-11,6179.06,false,2024-05-10
P003825,LOB02,R01,2024-03-09,32589.09,true,2025-03-08
P003826,LOB01,R01,2024-10-21,8440.37,true,2025-10-20
P003827,LOB04,R03,2023-09-04,10595.14,false,2024-09-03
P003828,LOB02,R04,2024-02-06,7777.05,true,2025-02-05
P003829,LOB02,R02,2024-05-12,12887.11,true,2025-05-11
P003830,LOB01,R04,2023-04-20,20763.97,true,2024-04-19
P003831,LOB02,R04,2024-10-17,26854.76,false,2025-10-16
P003832,LOB04,R03,2023-05-29,6264.42,true,2024-05-28
P003833,LOB02,R04,2024-08-13,19158.03,false,2025-08-12
P003834,LOB02,R02,2024-04-26,13763.95,false,2025-04-25
P003835,LOB03,R02,2023-04-13,17760.32,false,2024-04-12
P003836,LOB02,R03,2024-06-13,9366.29,false,2025-06-12
P003837,LOB02,R03,2023-05-24,8846.49,false,2024-05-23
P003838,LOB02,R03,2024-03-13,17351.41,true,2025-03-12
P003839,LOB01,R02,2024-12-01,17550.11,true,2025-11-30
P003840,LOB03,R04,2024-11-26,25322.09,true,2025-11-25
P003841,LOB04,R01,2024-09-28,11149.26,true,2025-09-27
P003842,LOB04,R01,2023-12-27,9282.18,true,2024-12-26
P003843,LOB04,R02,2024-02-13,2262.19,false,2025-02-12
P003844,LOB02,R01,2023-08-08,3764.02,true,2024-08-07
P003845,LOB01,R02,2024-11-03,7812.26,true,2025-11-02
P003846,LOB03,R03,2023-12-15,5112.1,false,2024-12-14
P003847,LOB04,R02,2024-07-17,16130.68,true,2025-07-16
P003848,LOB03,R01,2023-09-20,4509.71,false,2024-09-19
P003849,LOB02,R02,2024-06-24,7326.24,true,2025-06-23
P003850,LOB03,R03,2023-06-13,7500.94,false,2024-06-12
P003851,LOB03,R04,2024-06-19,20390.94,true,2025-06-18
P003852,LOB04,R04,2023-02-03,6870.94,true,2024-02-02
P003853,LOB03,R03,2023-03-18,12983.66,false,2024-03-17
P003854,LOB02,R01,2023-09-15,11130.27,false,2024-09-14
P003855,LOB01,R01,2023-12-18,17017.08,true,2024-12-17
P003856,LOB02,R02,2024-06-03,16483.73,true,2025-06-02
P003857,LOB02,R01,2023-09-20,9700.53,false,2024-09-19
P003858,LOB04,R03,2023-01-14,3576.8,true,2024-01-13
P003859,LOB02,R02,2023-08-26,8612.38,false,2024-08-25
P003860,LOB02,R04,2023-11-17,9779.33,false,2024-11-16
P003861,LOB02,R02,2024-02-01,11749.96,false,2025-01-31
P003862,LOB03,R02,2024-04-15,6357.99,false,2025-04-14
P003863,LOB02,R03,2023-06-30,19624.63,true,2024-06-29
P003864,LOB01,R01,2024-03-21,9978.34,false,2025-03-20
P003865,LOB04,R04,2024-04-06,5697.04,false,2025-04-05
P003866,LOB02,R03,2024-07-20,7518.06,false,2025-07-19
P003867,LOB02,R03,2024-01-17,31480.56,false,2025-01-16
P003868,LOB01,R02,2024-08-14,14744.52,false,2025-08-13
P003869,LOB02,R04,2023-06-11,18565.75,true,2024-06-10
P003870,LOB03,R04,2024-06-03,5297.8,false,2025-06-02
P003871,LOB04,R01,2023-02-03,6546.61,false,2024-02-02
P003872,LOB01,R03,2023-03-17,6575.77,true,2024-03-16
P003873,LOB04,R04,2024-09-23,11054.98,false,2025-09-22
P003874,LOB03,R02,2023-12-13,8915.97,false,2024-12-12
P003875,LOB01,R03,2024-03-29,7378.34,false,2025-03-28
P003876,LOB01,R04,2024-03-16,7955.02,false,2025-03-15
P003877,LOB01,R02,2024-05-22,6146.14,true,2025-05-21
P003878,LOB04,R03,2023-06-29,8884.79,false,2024-06-28
P003879,LOB01,R03,2023-05-11,19301.33,true,2024-05-10
P003880,LOB02,R01,2023-02-01,3992.27,false,2024-01-31
P003881,LOB03,R01,2024-09-23,12184.11,false,2025-09-22
P003882,LOB04,R03,2023-06-13,22653.18,false,2024-06-12
P003883,LOB03,R01,2024-02-24,8866.96,true,2025-02-23
P003884,LOB03,R04,2023-11-29,7206.04,false,2024-11-28
P003885,LOB01,R03,2023-04-29,17232.27,false,2024-04-28
P003886,LOB04,R03,2023-10-30,5483.32,true,2024-10-29
P003887,LOB01,R02,2023-03-02,9763.29,true,2024-03-01
P003888,LOB01,R02,2023-05-09,5303.35,true,2024-05-08
P003889,LOB04,R02,2023-04-12,3222.59,false,2024-04-11
P003890,LOB01,R03,2024-08-24,9034.53,false,2025-08-23
P003891,LOB01,R02,2024-02-19,4637.65,false,2025-02-18
P003892,LOB03,R02,2024-11-06,9828.07,false,2025-11-05
P003893,LOB02,R01,2023-11-15,19322.35,false,2024-11-14
P003894,LOB01,R03,2023-05-27,30108.21,false,2024-05-26
P003895,LOB03,R03,2024-03-20,10468.41,true,2025-03-19
P003896,LOB03,R03,2024-11-09,18242.87,true,2025-11-08
P003897,LOB03,R02,2024-01-24,12573.89,true,2025-01-23
P003898,LOB01,R01,2023-01-14,7864.64,false,2024-01-13
P003899,LOB02,R02,2023-08-10,3118.58,false,2024-08-09
P003900,LOB04,R02,2024-11-06,26262.45,false,2025-11-05
P003901,LOB01,R01,2024-01-14,5273.97,false,2025-01-13
P003902,LOB01,R04,2024-11-25,22689.61,false,2025-11-24
P003903,LOB01,R02,2024-01-07,13658.05,false,2025-01-06
P003904,LOB02,R02,2023-01-09,5510.4,false,2024-01-08
P003905,LOB01,R03,2024-09-29,11934.62,true,2025-09-28
P003906,LOB03,R04,2024-07-11,35587.39,true,2025-07-10
P003907,LOB04,R02,2024-06-06,24869.35,false,2025-06-05
P003908,LOB01,R03,2024-12-09,7276.26,false,2025-12-08
P003909,LOB03,R01,2023-05-24,6456.3,false,2024-05-23
P003910,LOB01,R03,2024-10-23,10510.45,true,2025-10-22
P003911,LOB01,R01,2023-06-19,8961.49,false,2024-06-18
P003912,LOB03,R01,2024-12-09,20329.79,true,2025-12-08
P003913,LOB02,R03,2023-05-20,15425.13,true,2024-05-19
P003914,LOB04,R01,2024-02-06,3585.51,false,2025-02-05
P003915,LOB02,R01,2024-07-30,13032.55,false,2025-07-29
P003916,LOB01,R01,2023-02-27,8888.78,true,2024-02-26
P003917,LOB02,R04,2023-02-18,10119.96,true,2024-02-17
P003918,LOB01,R03,2024-09-12,11491.53,false,2025-09-11
P003919,LOB04,R02,2023-02-14,20317.49,true,2024-02-13
P003920,LOB03,R04,2024-03-24,17795.05,true,2025-03-23
P003921,LOB02,R02,2024-11-15,6311.66,false,2025-11-14
P003922,LOB02,R04,2024-03-24,9555.12,false,2025-03-23
P003923,LOB03,R02,2023-12-18,7561.97,true,2024-12-17
P003924,LOB03,R01,2023-11-01,3607.94,false,2024-10-31
P003925,LOB01,R01,2024-04-10,9268.51,false,2025-04-09
P003926,LOB01,R02,2024-02-22,29937.07,true,2025-02-21
P003927,LOB01,R01,2024-01-02,3543.16,true,2025-01-01
P003928,LOB02,R01,2023-04-23,9755.27,true,2024-04-22
P003929,LOB02,R02,2024-04-28,9569.32,true,2025-04-27
P003930,LOB01,R04,2024-06-24,11762.14,false,2025-06-23
P003931,LOB02,R01,2024-06-01,5554.51,false,2025-05-31
P003932,LOB02,R01,2023-02-24,4208.8,false,2024-02-23
P003933,LOB01,R04,2024-05-28,4327.92,true,2025-05-27
P003934,LOB04,R01,2024-06-16,21994.78,false,2025-06-15
P003935,LOB02,R04,2023-05-14,5488.38,false,2024-05-13
P003936,LOB02,R03,2024-09-11,7333.9,false,2025-09-10
P003937,LOB02,R04,2024-01-18,34988.67,false,2025-01-17
P003938,LOB02,R03,2023-12-11,6370.59,false,2024-12-10
P003939,LOB04,R03,2024-06-11,12154.32,false,2025-06-10
P003940,LOB02,R01,2024-01-08,18737.59,false,2025-01-07
P003941,LOB02,R03,2024-02-02,18204.65,false,2025-02-01
P003942,LOB04,R03,2023-08-16,4451.76,false,2024-08-15
P003943,LOB04,R04,2024-11-08,6450.99,true,2025-11-07
P003944,LOB04,R01,2024-12-08,11865.83,true,2025-12-07
P003945,LOB01,R01,2023-04-06,31489.53,true,2024-04-05
P003946,LOB01,R01,2024-06-19,6267.25,false,2025-06-18
P003947,LOB03,R04,2023-01-18,7360.13,true,2024-01-17
P003948,LOB02,R01,2023-09-27,12730.36,true,2024-09-26
P003949,LOB03,R04,2024-12-09,14354.16,false,2025-12-08
P003950,LOB03,R02,2023-05-08,14885.64,true,2024-05-07
P003951,LOB01,R02,2023-10-03,5956.19,false,2024-10-02
P003952,LOB01,R04,2023-06-10,7192.33,true,2024-06-09
P003953,LOB02,R03,2024-06-15,11263.25,false,2025-06-14
P003954,LOB01,R03,2023-12-05,21107.57,true,2024-12-04
P003955,LOB03,R04,2024-03-08,8577.6,false,2025-03-07
P003956,LOB03,R04,2024-11-19,9765.58,false,2025-11-18
P003957,LOB02,R03,2024-01-16,5347.81,true,2025-01-15
P003958,LOB03,R02,2024-06-19,30270.72,true,2025-06-18
P003959,LOB02,R04,2023-03-13,10856.92,false,2024-03-12
P003960,LOB03,R03,2023-06-07,18895.0,false,2024-06-06
P003961,LOB01,R04,2024-11-22,10076.27,true,2025-11-21
P003962,LOB03,R04,2024-09-19,10416.64,false,2025-09-18
P003963,LOB03,R03,2024-04-24,4023.13,true,2025-04-23
P003964,LOB01,R02,2023-10-04,2723.15,false,2024-10-03
P003965,LOB02,R04,2023-05-26,20976.19,false,2024-05-25
P003966,LOB04,R04,2024-09-13,10371.69,false,2025-09-12
P003967,LOB01,R01,2024-07-27,11202.1,true,2025-07-26
P003968,LOB03,R03,2023-06-26,4677.73,true,2024-06-25
P003969,LOB04,R03,2024-03-06,5756.94,true,2025-03-05
P003970,LOB04,R03,2024-03-27,18720.63,true,2025-03-26
P003971,LOB02,R04,2023-12-15,28115.78,false,2024-12-14
P003972,LOB03,R02,2024-11-07,6817.41,false,2025-11-06
P003973,LOB04,R04,2023-04-01,14807.51,true,2024-03-31
P003974,LOB02,R03,2023-07-08,11092.39,true,2024-07-07
P003975,LOB01,R01,2023-03-11,9206.66,false,2024-03-10
P003976,LOB01,R03,2024-05-20,30066.76,false,2025-05-19
P003977,LOB03,R01,2024-04-15,7540.77,false,2025-04-14
P003978,LOB02,R04,2024-12-21,20835.79,true,2025-12-20
P003979,LOB01,R04,2024-01-31,12442.26,true,2025-01-30
P003980,LOB02,R04,2023-04-20,9797.34,true,2024-04-19
P003981,LOB03,R03,2023-11-26,22543.69,false,2024-11-25
P003982,LOB02,R02,2023-03-06,11779.08,false,2024-03-05
P003983,LOB04,R02,2024-05-04,9340.77,true,2025-05-03
P003984,LOB03,R04,2024-05-07,22644.34,true,2025-05-06
P003985,LOB04,R01,2024-09-18,20942.95,false,2025-09-17
P003986,LOB04,R04,2023-09-06,20356.96,true,2024-09-05
P003987,LOB01,R02,2023-08-15,960.37,false,2024-08-14
P003988,LOB03,R03,2023-02-22,12888.7,true,2024-02-21
P003989,LOB01,R03,2023-10-31,11240.41,true,2024-10-30
P003990,LOB04,R01,2023-12-13,9692.25,true,2024-12-12
P003991,LOB01,R01,2024-07-04,14269.33,false,2025-07-03
P003992,LOB03,R01,2024-07-04,11571.89,true,2025-07-03
P003993,LOB04,R04,2023-04-13,14863.81,true,2024-04-12
P003994,LOB01,R01,2023-07-28,8427.23,false,2024-07-27
P003995,LOB04,R03,2024-01-09,24316.45,true,2025-01-08
P003996,LOB01,R01,2023-09-02,15793.7,true,2024-09-01
P003997,LOB02,R04,2023-01-19,13705.0,true,2024-01-18
P003998,LOB02,R04,2024-09-09,13309.36,false,2025-09-08
P003999,LOB02,R02,2024-06-17,19818.45,true,2025-06-16
P004000,LOB02,R01,2024-01-15,18269.95,false,2025-01-14
P004001,LOB04,R02,2023-08-20,9249.61,false,2024-08-19
P004002,LOB02,R03,2024-09-07,17929.21,false,2025-09-06
P004003,LOB02,R03,2023-01-26,10986.6,true,2024-01-25
P004004,LOB04,R03,2023-11-22,31261.92,false,2024-11-21
P004005,LOB03,R03,2024-08-07,19122.8,false,2025-08-06
P004006,LOB01,R03,2024-11-26,6799.7,false,2025-11-25
P004007,LOB04,R01,2023-07-03,40071.73,true,2024-07-02
P004008,LOB01,R01,2024-04-20,2803.93,false,2025-04-19
P004009,LOB02,R04,2023-05-19,14507.38,false,2024-05-18
P004010,LOB02,R03,2023-03-26,6517.54,false,2024-03-25
P004011,LOB03,R04,2023-09-15,30616.92,true,2024-09-14
P004012,LOB01,R03,2024-10-08,11518.2,false,2025-10-07
P004013,LOB01,R02,2024-05-18,6147.02,false,2025-05-17
P004014,LOB03,R03,2023-12-24,8434.65,false,2024-12-23
P004015,LOB01,R03,2023-07-26,6448.75,false,2024-07-25
P004016,LOB02,R01,2023-04-14,8238.17,false,2024-04-13
P004017,LOB03,R02,2023-07-17,8125.9,true,2024-07-16
P004018,LOB03,R03,2023-04-22,6306.31,true,2024-04-21
P004019,LOB01,R01,2023-05-17,11638.09,true,2024-05-16
P004020,LOB02,R01,2024-05-16,12515.64,false,2025-05-15
P004021,LOB04,R01,2023-04-07,5443.71,true,2024-04-06
P004022,LOB02,R03,2023-02-04,3659.34,false,2024-02-03
P004023,LOB01,R01,2024-01-31,11927.17,false,2025-01-30
P004024,LOB01,R02,2023-07-29,13618.06,false,2024-07-28
P004025,LOB02,R01,2023-11-28,15338.63,false,2024-11-27
P004026,LOB04,R02,2023-04-13,13776.29,false,2024-04-12
P004027,LOB02,R01,2023-06-03,25428.61,true,2024-06-02
P004028,LOB01,R04,2023-11-18,18002.05,false,2024-11-17
P004029,LOB02,R02,2024-05-18,49409.45,false,2025-05-17
P004030,LOB01,R01,2023-10-30,63601.24,false,2024-10-29
P004031,LOB01,R03,2024-01-31,3446.58,true,2025-01-30
P004032,LOB04,R04,2024-01-16,2648.42,true,2025-01-15
P004033,LOB03,R04,2023-07-16,9853.33,false,2024-07-15
P004034,LOB01,R04,2023-07-24,13393.7,false,2024-07-23
P004035,LOB02,R02,2023-11-07,9456.61,false,2024-11-06
P004036,LOB01,R02,2023-01-24,15095.44,false,2024-01-23
P004037,LOB01,R02,2024-05-15,8415.7,false,2025-05-14
P004038,LOB02,R02,2024-03-24,6526.52,false,2025-03-23
P004039,LOB02,R04,2023-08-12,7145.7,false,2024-08-11
P004040,LOB03,R01,2023-09-30,8777.08,false,2024-09-29
P004041,LOB04,R04,2023-08-28,16417.57,true,2024-08-27
P004042,LOB01,R04,2024-04-20,7390.54,true,2025-04-19
P004043,LOB04,R04,2024-07-08,8321.67,false,2025-07-07
P004044,LOB02,R03,2023-03-21,13934.6,true,2024-03-20
P004045,LOB01,R04,2023-10-29,8784.31,false,2024-10-28
P004046,LOB04,R01,2023-01-11,19341.85,true,2024-01-10
P004047,LOB01,R04,2023-11-27,5700.43,false,2024-11-26
P004048,LOB02,R03,2023-07-01,5004.95,true,2024-06-30
P004049,LOB03,R04,2023-09-03,11881.97,false,2024-09-02
P004050,LOB01,R01,2023-11-30,12614.13,false,2024-11-29
P004051,LOB04,R04,2023-08-25,5890.08,true,2024-08-24
P004052,LOB01,R03,2023-10-15,22162.51,false,2024-10-14
P004053,LOB04,R01,2024-07-12,31412.53,false,2025-07-11
P004054,LOB01,R03,2024-08-14,6790.55,false,2025-08-13
P004055,LOB01,R01,2023-01-05,24158.23,false,2024-01-04
P004056,LOB02,R01,2023-10-03,2370.18,false,2024-10-02
P004057,LOB04,R03,2024-09-10,18876.39,false,2025-09-09
P004058,LOB01,R04,2024-01-23,5915.57,false,2025-01-22
P004059,LOB04,R01,2023-05-30,17776.7,false,2024-05-29
P004060,LOB01,R02,2024-03-09,5559.34,false,2025-03-08
P004061,LOB02,R02,2023-04-16,9498.67,true,2024-04-15
P004062,LOB02,R03,2023-01-16,6087.12,false,2024-01-15
P004063,LOB01,R01,2024-04-06,8705.16,false,2025-04-05
P004064,LOB04,R03,2024-01-12,29671.86,false,2025-01-11
P004065,LOB02,R02,2024-07-06,9276.48,true,2025-07-05
P004066,LOB03,R04,2023-09-09,35107.88,false,2024-09-08
P004067,LOB02,R02,2024-09-15,7851.91,false,2025-09-14
P004068,LOB02,R02,2023-11-04,24223.02,true,2024-11-03
P004069,LOB03,R01,2024-06-22,3731.57,false,2025-06-21
P004070,LOB04,R04,2023-03-15,8333.96,false,2024-03-14
P004071,LOB03,R04,2023-03-12,7174.83,true,2024-03-11
P004072,LOB02,R02,2024-07-25,24900.01,false,2025-07-24
P004073,LOB03,R02,2024-08-31,11060.65,true,2025-08-30
P004074,LOB03,R04,2024-11-18,2827.51,false,2025-11-17
P004075,LOB02,R02,2023-08-25,4509.41,true,2024-08-24
P004076,LOB03,R01,2023-01-17,5390.55,false,2024-01-16
P004077,LOB02,R01,2024-12-16,17334.09,true,2025-12-15
P004078,LOB03,R03,2024-03-15,16042.62,false,2025-03-14
P004079,LOB04,R01,2023-06-30,8264.8,false,2024-06-29
P004080,LOB04,R01,2024-07-11,7121.65,true,2025-07-10
P004081,LOB04,R01,2024-10-21,15211.89,false,2025-10-20
P004082,LOB03,R04,2023-07-27,5025.53,false,2024-07-26
P004083,LOB03,R04,2024-07-15,13024.68,false,2025-07-14
P004084,LOB01,R04,2024-07-28,12375.96,false,2025-07-27
P004085,LOB02,R02,2024-01-02,8393.78,false,2025-01-01
P004086,LOB01,R02,2024-04-06,12564.2,false,2025-04-05
P004087,LOB01,R02,2023-07-16,10522.35,false,2024-07-15
P004088,LOB04,R03,2024-11-09,13339.06,true,2025-11-08
P004089,LOB04,R01,2024-12-18,4445.02,true,2025-12-17
P004090,LOB02,R03,2024-12-17,14309.82,true,2025-12-16
P004091,LOB01,R01,2024-06-22,18323.89,true,2025-06-21
P004092,LOB03,R02,2023-01-31,11998.91,false,2024-01-30
P004093,LOB02,R02,2023-09-25,14196.2,true,2024-09-24
P004094,LOB04,R03,2023-11-21,9265.46,false,2024-11-20
P004095,LOB04,R04,2024-12-01,16895.45,true,2025-11-30
P004096,LOB02,R03,2024-02-04,10292.27,true,2025-02-03
P004097,LOB01,R02,2024-01-27,4970.3,false,2025-01-26
P004098,LOB01,R03,2023-04-18,16189.69,true,2024-04-17
P004099,LOB01,R03,2024-08-02,3712.69,false,2025-08-01
P004100,LOB02,R01,2023-09-03,11727.22,false,2024-09-02
P004101,LOB01,R04,2023-03-09,7859.41,false,2024-03-08
P004102,LOB01,R04,2024-12-21,7563.77,false,2025-12-20
P004103,LOB01,R01,2023-05-19,10973.0,false,2024-05-18
P004104,LOB01,R01,2023-01-12,6466.74,true,2024-01-11
P004105,LOB03,R01,2023-02-26,13457.93,false,2024-02-25
P004106,LOB01,R03,2023-11-27,10240.22,true,2024-11-26
P004107,LOB04,R01,2023-03-17,6833.71,true,2024-03-16
P004108,LOB01,R01,2024-09-07,22090.61,false,2025-09-06
P004109,LOB01,R03,2024-01-10,11191.05,false,2025-01-09
P004110,LOB01,R01,2023-08-25,14450.45,false,2024-08-24
P004111,LOB03,R01,2023-01-03,23154.7,false,2024-01-02
P004112,LOB01,R01,2023-12-17,22927.84,false,2024-12-16
P004113,LOB02,R03,2023-04-21,14014.83,false,2024-04-20
P004114,LOB01,R02,2024-12-14,8253.6,true,2025-12-13
P004115,LOB04,R02,2023-08-01,4197.22,true,2024-07-31
P004116,LOB01,R03,2023-12-13,11203.87,false,2024-12-12
P004117,LOB02,R01,2023-01-14,19086.77,false,2024-01-13
P004118,LOB04,R03,2023-04-06,12241.52,true,2024-04-05
P004119,LOB01,R02,2023-06-01,1252.94,true,2024-05-31
P004120,LOB01,R03,2023-02-07,16681.19,true,2024-02-06
P004121,LOB04,R03,2024-06-13,17307.57,false,2025-06-12
P004122,LOB01,R03,2024-11-21,8260.72,true,2025-11-20
P004123,LOB01,R01,2024-12-20,17908.25,true,2025-12-19
P004124,LOB02,R01,2023-07-14,14425.88,true,2024-07-13
P004125,LOB01,R03,2024-07-29,6559.67,true,2025-07-28
P004126,LOB04,R01,2024-01-03,21221.72,false,2025-01-02
P004127,LOB03,R02,2023-02-03,4626.31,false,2024-02-02
P004128,LOB02,R03,2023-03-08,9562.97,true,2024-03-07
P004129,LOB01,R04,2024-02-04,9007.37,false,2025-02-03
P004130,LOB03,R03,2023-11-06,6031.42,false,2024-11-05
P004131,LOB03,R04,2023-01-07,11876.02,false,2024-01-06
P004132,LOB01,R03,2024-11-09,21725.05,true,2025-11-08
P004133,LOB04,R02,2024-06-17,20923.85,true,2025-06-16
P004134,LOB02,R01,2024-01-02,15278.45,false,2025-01-01
P004135,LOB03,R03,2024-12-21,3577.6,false,2025-12-20
P004136,LOB01,R04,2024-12-09,4440.08,true,2025-12-08
P004137,LOB01,R02,2024-12-11,10934.75,false,2025-12-10
P004138,LOB03,R01,2023-07-08,9695.91,true,2024-07-07
P004139,LOB03,R01,2024-10-05,7340.43,true,2025-10-04
P004140,LOB02,R03,2024-01-04,31045.03,true,2025-01-03
P004141,LOB01,R03,2024-06-14,10546.15,false,2025-06-13
P004142,LOB04,R01,2024-09-19,13704.06,true,2025-09-18
P004143,LOB01,R01,2023-04-30,17903.23,true,2024-04-29
P004144,LOB02,R03,2023-11-24,10228.93,true,2024-11-23
P004145,LOB03,R02,2023-04-05,46846.77,true,2024-04-04
P004146,LOB01,R02,2023-07-24,5629.5,true,2024-07-23
P004147,LOB01,R02,2023-10-29,6879.88,false,2024-10-28
P004148,LOB01,R03,2024-09-16,5621.22,false,2025-09-15
P004149,LOB04,R03,2024-09-21,25275.6,false,2025-09-20
P004150,LOB02,R01,2023-10-12,16014.53,false,2024-10-11
P004151,LOB03,R01,2023-08-29,7140.29,false,2024-08-28
P004152,LOB04,R03,2024-01-23,5893.91,true,2025-01-22
P004153,LOB03,R03,2024-10-27,22718.49,true,2025-10-26
P004154,LOB02,R01,2024-12-13,12295.8,false,2025-12-12
P004155,LOB02,R01,2023-06-15,23069.13,false,2024-06-14
P004156,LOB02,R03,2023-05-17,9546.31,false,2024-05-16
P004157,LOB02,R02,2024-05-30,13452.51,true,2025-05-29
P004158,LOB04,R01,2023-08-09,11850.63,true,2024-08-08
P004159,LOB03,R03,2023-05-26,6805.82,true,2024-05-25
P004160,LOB02,R01,2023-01-23,9077.13,false,2024-01-22
P004161,LOB02,R01,2023-10-22,4863.03,false,2024-10-21
P004162,LOB04,R03,2023-10-14,13312.57,true,2024-10-13
P004163,LOB01,R01,2024-02-16,15626.9,true,2025-02-15
P004164,LOB04,R01,2023-05-27,17927.6,true,2024-05-26
P004165,LOB01,R04,2024-06-05,14763.7,true,2025-06-04
P004166,LOB03,R01,2024-05-11,9164.33,false,2025-05-10
P004167,LOB04,R03,2023-12-04,25114.04,true,2024-12-03
P004168,LOB02,R04,2023-05-13,16905.34,false,2024-05-12
P004169,LOB01,R04,2024-01-06,22768.37,false,2025-01-05
P004170,LOB04,R04,2024-05-07,23641.81,false,2025-05-06
P004171,LOB02,R02,2023-09-30,9178.69,false,2024-09-29
P004172,LOB02,R04,2023-07-12,12490.55,false,2024-07-11
P004173,LOB02,R01,2024-01-05,15752.26,false,2025-01-04
P004174,LOB02,R02,2023-09-17,4966.72,true,2024-09-16
P004175,LOB03,R01,2023-10-20,5033.22,true,2024-10-19
P004176,LOB01,R03,2023-09-12,4538.78,true,2024-09-11
P004177,LOB02,R04,2023-08-10,9275.58,false,2024-08-09
P004178,LOB04,R04,2024-06-07,8103.16,false,2025-06-06
P004179,LOB01,R04,2023-12-02,4182.22,true,2024-12-01
P004180,LOB02,R01,2023-12-07,10825.01,false,2024-12-06
P004181,LOB03,R04,2024-04-21,9345.3,false,2025-04-20
P004182,LOB04,R03,2023-09-21,20117.47,false,2024-09-20
P004183,LOB02,R02,2023-03-15,33116.52,true,2024-03-14
P004184,LOB04,R01,2024-09-14,13015.16,true,2025-09-13
P004185,LOB01,R01,2023-02-10,6516.04,false,2024-02-09
P004186,LOB02,R04,2024-02-22,14589.17,true,2025-02-21
P004187,LOB04,R02,2023-07-14,9952.53,false,2024-07-13
P004188,LOB04,R03,2023-06-06,8569.16,true,2024-06-05
P004189,LOB02,R04,2023-01-31,5901.96,true,2024-01-30
P004190,LOB02,R02,2024-10-19,7491.08,true,2025-10-18
P004191,LOB02,R01,2023-11-10,8895.72,false,2024-11-09
P004192,LOB01,R02,2023-09-08,16033.86,true,2024-09-07
P004193,LOB04,R01,2024-06-25,13448.4,false,2025-06-24
P004194,LOB04,R01,2023-01-29,29594.56,true,2024-01-28
P004195,LOB02,R04,2024-02-17,14832.9,false,2025-02-16
P004196,LOB01,R02,2023-12-28,12766.46,true,2024-12-27
P004197,LOB02,R03,2024-02-09,8235.93,true,2025-02-08
P004198,LOB01,R03,2023-04-01,5310.93,false,2024-03-31
P004199,LOB03,R03,2024-11-26,7030.86,false,2025-11-25
P004200,LOB02,R03,2023-06-24,6503.51,false,2024-06-23
P004201,LOB01,R01,2024-05-10,2129.1,false,2025-05-09
P004202,LOB03,R03,2024-06-29,5403.6,true,2025-06-28
P004203,LOB04,R04,2023-09-09,25882.59,false,2024-09-08
P004204,LOB01,R01,2023-04-06,12346.9,true,2024-04-05
P004205,LOB02,R01,2023-08-05,7895.8,false,2024-08-04
P004206,LOB02,R03,2024-08-12,12570.25,false,2025-08-11
P004207,LOB01,R04,2024-10-23,3065.47,false,2025-10-22
P004208,LOB02,R02,2024-11-14,11722.42,false,2025-11-13
P004209,LOB03,R04,2023-06-15,21300.7,false,2024-06-14
P004210,LOB01,R01,2024-03-18,9203.42,false,2025-03-17
P004211,LOB01,R03,2023-04-21,3417.98,true,2024-04-20
P004212,LOB04,R04,2024-06-02,7720.51,false,2025-06-01
P004213,LOB02,R02,2023-10-31,21323.33,false,2024-10-30
P004214,LOB03,R03,2024-06-04,11558.52,true,2025-06-03
P004215,LOB03,R01,2024-05-15,4226.01,false,2025-05-14
P004216,LOB04,R03,2024-12-25,40969.27,true,2025-12-24
P004217,LOB03,R03,2023-12-23,4664.4,false,2024-12-22
P004218,LOB04,R04,2023-09-07,8554.78,false,2024-09-06
P004219,LOB03,R01,2024-01-20,5311.18,true,2025-01-19
P004220,LOB02,R02,2023-04-29,5315.59,true,2024-04-28
P004221,LOB02,R03,2023-03-23,7545.52,false,2024-03-22
P004222,LOB02,R04,2024-01-14,14496.9,true,2025-01-13
P004223,LOB02,R01,2024-08-25,21468.0,false,2025-08-24
P004224,LOB01,R03,2024-01-25,7850.24,true,2025-01-24
P004225,LOB02,R04,2024-07-24,5398.7,true,2025-07-23
P004226,LOB02,R03,2023-05-10,13189.6,true,2024-05-09
P004227,LOB01,R02,2023-11-25,13423.71,false,2024-11-24
P004228,LOB01,R01,2024-03-23,11432.62,false,2025-03-22
P004229,LOB03,R02,2023-09-11,11677.79,false,2024-09-10
P004230,LOB02,R01,2023-01-11,9250.75,false,2024-01-10
P004231,LOB04,R01,2023-02-23,10497.48,false,2024-02-22
P004232,LOB02,R02,2024-11-08,8875.14,true,2025-11-07
P004233,LOB04,R01,2024-03-17,18810.04,true,2025-03-16
P004234,LOB03,R01,2023-07-13,37687.2,false,2024-07-12
P004235,LOB01,R03,2023-07-08,11023.58,true,2024-07-07
P004236,LOB04,R01,2023-01-29,9858.18,false,2024-01-28
P004237,LOB01,R01,2024-11-20,11539.33,false,2025-11-19
P004238,LOB02,R03,2023-03-21,6669.14,false,2024-03-20
P004239,LOB03,R04,2024-07-08,15661.91,false,2025-07-07
P004240,LOB02,R03,2023-06-25,12896.43,false,2024-06-24
P004241,LOB02,R01,2023-09-03,7690.32,false,2024-09-02
P004242,LOB02,R01,2023-07-19,17004.62,false,2024-07-18
P004243,LOB01,R03,2024-08-24,10010.54,true,2025-08-23
P004244,LOB01,R03,2023-01-24,5530.13,false,2024-01-23
P004245,LOB01,R02,2023-09-15,12221.63,true,2024-09-14
P004246,LOB01,R04,2023-07-23,11409.43,false,2024-07-22
P004247,LOB03,R04,2023-07-19,17610.51,false,2024-07-18
P004248,LOB02,R03,2023-05-21,16300.13,false,2024-05-20
P004249,LOB02,R03,2024-10-28,9269.31,true,2025-10-27
P004250,LOB03,R04,2023-10-04,7455.8,false,2024-10-03
P004251,LOB01,R01,2023-11-02,9907.49,true,2024-11-01
P004252,LOB01,R03,2023-10-09,12307.76,false,2024-10-08
P004253,LOB03,R04,2024-12-16,13230.14,true,2025-12-15
P004254,LOB04,R01,2023-09-05,11859.06,false,2024-09-04
P004255,LOB02,R01,2023-09-07,9372.57,false,2024-09-06
P004256,LOB01,R02,2023-08-28,17999.34,false,2024-08-27
P004257,LOB03,R02,2023-08-27,6603.92,true,2024-08-26
P004258,LOB04,R04,2023-03-07,43811.08,true,2024-03-06
P004259,LOB02,R02,2024-03-17,15643.99,true,2025-03-16
P004260,LOB01,R03,2023-01-19,5031.68,true,2024-01-18
P004261,LOB01,R04,2023-06-14,11060.52,false,2024-06-13
P004262,LOB02,R04,2023-05-28,15734.49,false,2024-05-27
P004263,LOB04,R03,2023-08-01,8025.49,true,2024-07-31
P004264,LOB03,R04,2024-07-06,4035.61,false,2025-07-05
P004265,LOB02,R03,2024-03-13,5305.83,true,2025-03-12
P004266,LOB03,R01,2024-12-24,13701.43,true,2025-12-23
P004267,LOB04,R03,2023-09-14,3453.8,false,2024-09-13
P004268,LOB02,R02,2024-11-08,4148.05,true,2025-11-07
P004269,LOB04,R02,2023-02-02,13658.28,false,2024-02-01
P004270,LOB02,R03,2024-01-04,8660.0,false,2025-01-03
P004271,LOB02,R02,2024-08-06,6519.36,false,2025-08-05
P004272,LOB02,R01,2024-01-24,7355.18,false,2025-01-23
P004273,LOB02,R04,2024-11-12,4094.96,false,2025-11-11
P004274,LOB04,R03,2023-08-18,13235.69,false,2024-08-17
P004275,LOB02,R03,2023-01-25,6100.18,false,2024-01-24
P004276,LOB02,R04,2024-07-18,7176.37,true,2025-07-17
P004277,LOB02,R03,2023-02-19,12186.34,false,2024-02-18
P004278,LOB02,R03,2024-07-12,8484.73,false,2025-07-11
P004279,LOB02,R04,2024-06-19,6484.75,false,2025-06-18
P004280,LOB03,R02,2024-09-08,2999.91,true,2025-09-07
P004281,LOB02,R04,2023-12-16,12338.2,true,2024-12-15
P004282,LOB02,R03,2024-10-15,10377.51,false,2025-10-14
P004283,LOB03,R01,2023-05-04,7255.88,true,2024-05-03
P004284,LOB01,R01,2023-11-14,5311.13,false,2024-11-13
P004285,LOB03,R04,2023-03-30,9973.21,false,2024-03-29
P004286,LOB02,R04,2024-07-13,13204.11,true,2025-07-12
P004287,LOB02,R04,2024-06-05,10495.01,true,2025-06-04
P004288,LOB03,R01,2024-08-11,26445.45,false,2025-08-10
P004289,LOB03,R04,2024-07-11,15106.26,false,2025-07-10
P004290,LOB04,R04,2023-08-14,9280.12,false,2024-08-13
P004291,LOB02,R04,2023-02-19,15413.01,false,2024-02-18
P004292,LOB02,R02,2024-11-09,10190.36,false,2025-11-08
P004293,LOB03,R03,2023-12-26,10169.17,false,2024-12-25
P004294,LOB02,R02,2023-03-10,21543.26,true,2024-03-09
P004295,LOB03,R01,2024-11-07,5774.26,false,2025-11-06
P004296,LOB02,R03,2024-12-26,10036.52,false,2025-12-25
P004297,LOB03,R01,2023-11-22,20207.84,true,2024-11-21
P004298,LOB01,R01,2024-07-16,11913.11,false,2025-07-15
P004299,LOB02,R01,2023-01-27,7931.27,true,2024-01-26
P004300,LOB01,R02,2023-03-10,3555.69,false,2024-03-09
P004301,LOB02,R01,2023-07-21,2534.6,false,2024-07-20
P004302,LOB03,R04,2024-04-24,34396.45,true,2025-04-23
P004303,LOB02,R04,2023-04-08,11909.68,false,2024-04-07
P004304,LOB02,R04,2023-01-25,6971.29,false,2024-01-24
P004305,LOB04,R02,2024-05-03,12205.89,false,2025-05-02
P004306,LOB03,R01,2024-07-16,5604.89,false,2025-07-15
P004307,LOB02,R03,2024-06-23,8113.46,true,2025-06-22
P004308,LOB04,R03,2024-08-06,5627.59,true,2025-08-05
P004309,LOB02,R01,2024-08-09,4238.8,true,2025-08-08
P004310,LOB03,R04,2024-03-15,2798.98,true,2025-03-14
P004311,LOB01,R02,2024-01-15,3794.87,true,2025-01-14
P004312,LOB01,R04,2024-09-17,18265.56,false,2025-09-16
P004313,LOB02,R01,2023-09-12,5474.58,true,2024-09-11
P004314,LOB01,R02,2023-03-13,13642.36,false,2024-03-12
P004315,LOB02,R02,2024-07-02,17570.71,true,2025-07-01
P004316,LOB01,R01,2023-07-21,9996.08,true,2024-07-20
P004317,LOB03,R03,2024-12-15,8273.89,false,2025-12-14
P004318,LOB01,R04,2023-10-30,10719.44,false,2024-10-29
P004319,LOB01,R03,2024-09-13,7708.11,false,2025-09-12
P004320,LOB04,R02,2023-01-31,20380.74,true,2024-01-30
P004321,LOB03,R03,2024-04-26,30513.37,false,2025-04-25
P004322,LOB04,R02,2023-11-24,23620.9,true,2024-11-23
P004323,LOB02,R02,2023-12-04,2721.84,false,2024-12-03
P004324,LOB01,R04,2023-07-13,7614.3,false,2024-07-12
P004325,LOB02,R03,2024-12-09,9921.86,true,2025-12-08
P004326,LOB02,R02,2023-10-14,13066.86,false,2024-10-13
P004327,LOB01,R02,2024-09-12,3510.84,false,2025-09-11
P004328,LOB04,R04,2023-11-07,3477.03,true,2024-11-06
P004329,LOB03,R03,2023-02-05,21678.45,true,2024-02-04
P004330,LOB03,R01,2024-10-03,7076.46,false,2025-10-02
P004331,LOB02,R04,2023-05-16,4054.39,false,2024-05-15
P004332,LOB03,R03,2023-07-17,5104.18,true,2024-07-16
P004333,LOB01,R02,2024-09-20,12510.01,true,2025-09-19
P004334,LOB04,R04,2024-10-14,6041.89,false,2025-10-13
P004335,LOB02,R04,2024-10-31,11441.19,true,2025-10-30
P004336,LOB01,R04,2023-11-07,5501.43,false,2024-11-06
P004337,LOB01,R02,2024-07-06,3475.45,false,2025-07-05
P004338,LOB03,R04,2023-08-28,23263.2,true,2024-08-27
P004339,LOB04,R04,2024-06-24,12568.06,true,2025-06-23
P004340,LOB04,R04,2024-01-02,8101.05,false,2025-01-01
P004341,LOB03,R03,2023-02-07,7238.6,true,2024-02-06
P004342,LOB04,R02,2023-11-01,23835.71,true,2024-10-31
P004343,LOB03,R01,2023-12-08,14113.94,true,2024-12-07
P004344,LOB02,R04,2023-07-07,19694.36,false,2024-07-06
P004345,LOB03,R03,2023-10-01,6972.89,false,2024-09-30
P004346,LOB01,R04,2024-01-02,10202.62,false,2025-01-01
P004347,LOB01,R03,2023-02-06,12598.33,true,2024-02-05
P004348,LOB02,R03,2023-04-21,7114.99,false,2024-04-20
P004349,LOB01,R01,2024-07-13,9345.79,false,2025-07-12
P004350,LOB04,R02,2023-09-14,6973.23,true,2024-09-13
P004351,LOB04,R03,2024-03-20,12574.62,false,2025-03-19
P004352,LOB02,R01,2024-02-18,4479.04,false,2025-02-17
P004353,LOB03,R01,2024-02-07,13949.26,true,2025-02-06
P004354,LOB02,R03,2023-10-29,11925.42,false,2024-10-28
P004355,LOB01,R01,2023-12-19,8760.56,false,2024-12-18
P004356,LOB02,R03,2024-08-24,12961.13,false,2025-08-23
P004357,LOB01,R02,2024-12-05,7950.86,true,2025-12-04
P004358,LOB02,R02,2023-07-07,6620.47,false,2024-07-06
P004359,LOB01,R01,2024-05-03,13714.87,false,2025-05-02
P004360,LOB01,R02,2024-12-08,14075.75,false,2025-12-07
P004361,LOB01,R03,2023-01-06,7300.06,true,2024-01-05
P004362,LOB04,R03,2024-07-26,6933.84,true,2025-07-25
P004363,LOB01,R02,2023-12-29,8868.1,false,2024-12-28
P004364,LOB02,R01,2024-12-07,7106.72,false,2025-12-06
P004365,LOB02,R04,2024-02-27,24712.67,true,2025-02-26
P004366,LOB02,R04,2024-09-03,11966.73,false,2025-09-02
P004367,LOB02,R04,2023-05-02,9984.21,true,2024-05-01
P004368,LOB01,R02,2023-04-14,5655.39,false,2024-04-13
P004369,LOB03,R03,2024-11-07,15419.58,false,2025-11-06
P004370,LOB02,R01,2024-01-20,6857.08,true,2025-01-19
P004371,LOB03,R04,2024-02-12,6689.88,false,2025-02-11
P004372,LOB02,R01,2023-05-05,15733.84,false,2024-05-04
P004373,LOB02,R02,2023-06-15,12486.38,false,2024-06-14
P004374,LOB02,R04,2024-08-20,2203.78,false,2025-08-19
P004375,LOB01,R03,2023-08-10,9003.22,false,2024-08-09
P004376,LOB02,R04,2024-03-02,10671.29,false,2025-03-01
P004377,LOB01,R02,2023-08-20,8072.69,true,2024-08-19
P004378,LOB02,R01,2023-07-12,10896.73,false,2024-07-11
P004379,LOB03,R01,2023-05-02,3341.54,true,2024-05-01
P004380,LOB01,R01,2024-11-09,1810.55,true,2025-11-08
P004381,LOB01,R01,2024-11-17,5512.2,true,2025-11-16
P004382,LOB03,R02,2023-03-26,11723.47,false,2024-03-25
P004383,LOB02,R01,2023-09-15,1429.42,true,2024-09-14
P004384,LOB04,R01,2024-02-16,5966.24,true,2025-02-15
P004385,LOB04,R02,2023-10-07,3122.36,true,2024-10-06
P004386,LOB04,R03,2024-06-10,8556.32,true,2025-06-09
P004387,LOB02,R03,2023-07-09,32039.97,false,2024-07-08
P004388,LOB01,R01,2023-02-12,8687.97,true,2024-02-11
P004389,LOB03,R04,2023-09-03,9278.9,true,2024-09-02
P004390,LOB03,R03,2024-03-12,16375.45,false,2025-03-11
P004391,LOB03,R02,2023-05-12,10024.47,true,2024-05-11
P004392,LOB02,R02,2024-08-18,8699.36,false,2025-08-17
P004393,LOB01,R04,2023-01-09,17257.25,false,2024-01-08
P004394,LOB01,R02,2023-02-19,13136.27,false,2024-02-18
P004395,LOB01,R01,2024-01-07,11768.43,true,2025-01-06
P004396,LOB01,R02,2024-01-09,9106.39,false,2025-01-08
P004397,LOB04,R01,2023-08-04,8041.42,false,2024-08-03
P004398,LOB01,R01,2023-07-08,17159.42,false,2024-07-07
P004399,LOB03,R02,2023-02-20,8087.88,true,2024-02-19
P004400,LOB04,R01,2024-04-28,20717.87,false,2025-04-27
P004401,LOB02,R02,2023-10-04,5280.16,false,2024-10-03
P004402,LOB02,R01,2023-03-28,23394.83,false,2024-03-27
P004403,LOB03,R03,2023-10-19,13137.47,false,2024-10-18
P004404,LOB02,R01,2024-11-15,5535.18,false,2025-11-14
P004405,LOB02,R01,2023-07-10,13431.89,false,2024-07-09
P004406,LOB04,R04,2024-10-15,6699.7,true,2025-10-14
P004407,LOB03,R01,2023-07-08,10097.64,true,2024-07-07
P004408,LOB04,R02,2023-05-16,7391.04,false,2024-05-15
P004409,LOB04,R03,2023-07-10,9138.51,true,2024-07-09
P004410,LOB02,R02,2023-08-24,17411.02,false,2024-08-23
P004411,LOB03,R02,2023-03-30,13508.94,false,2024-03-29
P004412,LOB03,R01,2024-03-04,5038.08,false,2025-03-03
P004413,LOB03,R02,2023-09-01,5214.21,true,2024-08-31
P004414,LOB03,R04,2024-06-08,11643.06,false,2025-06-07
P004415,LOB03,R03,2023-12-25,12160.06,false,2024-12-24
P004416,LOB04,R04,2023-11-20,6603.35,false,2024-11-19
P004417,LOB02,R03,2023-12-10,25713.96,false,2024-12-09
P004418,LOB03,R04,2023-04-25,16124.53,true,2024-04-24
P004419,LOB01,R02,2024-06-04,6799.84,false,2025-06-03
P004420,LOB02,R03,2023-03-18,6416.62,true,2024-03-17
P004421,LOB03,R03,2024-06-10,8632.7,false,2025-06-09
P004422,LOB03,R04,2024-12-30,8110.28,true,2025-12-29
P004423,LOB02,R03,2024-07-11,21029.77,true,2025-07-10
P004424,LOB02,R02,2023-11-29,17867.05,true,2024-11-28
P004425,LOB02,R01,2023-08-18,10107.59,true,2024-08-17
P004426,LOB01,R04,2024-09-28,14864.68,false,2025-09-27
P004427,LOB01,R02,2023-07-07,16216.51,false,2024-07-06
P004428,LOB04,R04,2023-12-19,10249.22,true,2024-12-18
P004429,LOB02,R03,2024-07-16,12601.5,true,2025-07-15
P004430,LOB04,R01,2024-11-04,14136.46,false,2025-11-03
P004431,LOB01,R03,2024-11-03,13260.74,true,2025-11-02
P004432,LOB03,R02,2023-03-06,6202.56,false,2024-03-05
P004433,LOB02,R01,2024-10-17,6590.43,true,2025-10-16
P004434,LOB03,R02,2023-03-25,8323.54,false,2024-03-24
P004435,LOB03,R03,2024-03-02,6476.93,false,2025-03-01
P004436,LOB03,R01,2024-11-09,4089.34,true,2025-11-08
P004437,LOB04,R03,2024-04-23,14847.27,false,2025-04-22
P004438,LOB02,R04,2024-11-22,12183.59,false,2025-11-21
P004439,LOB01,R01,2023-09-09,4431.0,false,2024-09-08
P004440,LOB01,R01,2023-08-18,8565.09,false,2024-08-17
P004441,LOB03,R01,2023-08-27,8861.12,false,2024-08-26
P004442,LOB02,R03,2023-09-17,11038.75,false,2024-09-16
P004443,LOB02,R04,2024-05-13,5171.13,false,2025-05-12
P004444,LOB02,R04,2023-11-27,4392.28,true,2024-11-26
P004445,LOB02,R01,2024-06-22,13518.77,false,2025-06-21
P004446,LOB03,R02,2023-10-31,3942.71,false,2024-10-30
P004447,LOB03,R01,2023-08-13,8607.61,true,2024-08-12
P004448,LOB03,R02,2023-05-19,8138.44,true,2024-05-18
P004449,LOB03,R02,2024-02-07,9191.45,true,2025-02-06
P004450,LOB04,R03,2024-10-17,11517.59,true,2025-10-16
P004451,LOB02,R04,2024-09-19,25826.14,true,2025-09-18
P004452,LOB04,R04,2023-07-04,3790.7,true,2024-07-03
P004453,LOB01,R01,2023-12-15,16746.57,true,2024-12-14
P004454,LOB03,R01,2024-05-29,2192.3,false,2025-05-28
P004455,LOB03,R02,2024-03-23,22839.04,true,2025-03-22
P004456,LOB02,R02,2023-02-19,2905.26,true,2024-02-18
P004457,LOB01,R02,2024-03-07,42694.99,true,2025-03-06
P004458,LOB02,R03,2023-01-29,7833.3,true,2024-01-28
P004459,LOB02,R03,2023-03-27,21466.09,true,2024-03-26
P004460,LOB04,R04,2024-04-22,18967.72,false,2025-04-21
P004461,LOB02,R03,2023-03-16,7616.76,true,2024-03-15
P004462,LOB01,R02,2023-09-05,7975.67,true,2024-09-04
P004463,LOB02,R01,2024-03-05,5989.15,false,2025-03-04
P004464,LOB02,R02,2024-04-23,15873.75,false,2025-04-22
P004465,LOB01,R04,2023-11-22,7676.5,false,2024-11-21
P004466,LOB02,R04,2023-03-10,6054.82,true,2024-03-09
P004467,LOB02,R02,2024-08-06,13661.89,false,2025-08-05
P004468,LOB01,R01,2024-11-24,5777.31,false,2025-11-23
P004469,LOB02,R01,2024-10-10,8124.27,true,2025-10-09
P004470,LOB02,R01,2024-06-30,10554.03,false,2025-06-29
P004471,LOB03,R03,2023-10-21,6731.43,false,2024-10-20
P004472,LOB02,R03,2024-10-01,7369.25,false,2025-09-30
P004473,LOB01,R03,2023-12-23,24859.37,true,2024-12-22
P004474,LOB04,R01,2023-04-10,8755.69,false,2024-04-09
P004475,LOB02,R02,2024-09-12,7976.25,false,2025-09-11
P004476,LOB01,R01,2023-08-22,8909.96,false,2024-08-21
P004477,LOB04,R02,2024-11-16,12999.59,true,2025-11-15
P004478,LOB01,R03,2023-09-26,5322.41,true,2024-09-25
P004479,LOB03,R02,2024-09-26,12788.85,true,2025-09-25
P004480,LOB03,R03,2024-01-28,11539.05,false,2025-01-27
P004481,LOB04,R02,2023-12-08,3383.98,false,2024-12-07
P004482,LOB04,R03,2023-08-05,29043.6,true,2024-08-04
P004483,LOB01,R02,2024-09-02,23777.34,true,2025-09-01
P004484,LOB03,R02,2023-02-14,6122.11,true,2024-02-13
P004485,LOB02,R01,2023-12-09,5046.97,false,2024-12-08
P004486,LOB03,R03,2023-09-27,11348.39,true,2024-09-26
P004487,LOB02,R04,2024-02-01,4206.9,true,2025-01-31
P004488,LOB01,R03,2023-07-05,22439.31,false,2024-07-04
P004489,LOB01,R03,2024-04-30,7472.07,false,2025-04-29
P004490,LOB01,R04,2023-10-09,26188.72,false,2024-10-08
P004491,LOB01,R01,2023-05-18,6035.16,false,2024-05-17
P004492,LOB01,R04,2023-05-24,9252.77,true,2024-05-23
P004493,LOB04,R01,2024-05-23,21169.73,true,2025-05-22
P004494,LOB02,R03,2023-07-11,8152.31,true,2024-07-10
P004495,LOB03,R04,2023-08-13,11652.26,false,2024-08-12
P004496,LOB04,R04,2024-04-02,19064.73,false,2025-04-01
P004497,LOB03,R02,2023-08-29,7089.51,true,2024-08-28
P004498,LOB02,R04,2023-10-11,4642.26,false,2024-10-10
P004499,LOB04,R03,2023-06-28,4124.8,false,2024-06-27
P004500,LOB03,R01,2023-09-10,14045.53,false,2024-09-09
P004501,LOB03,R01,2024-05-20,12497.29,false,2025-05-19
P004502,LOB04,R04,2024-01-25,18713.45,true,2025-01-24
P004503,LOB02,R04,2024-12-29,8396.52,false,2025-12-28
P004504,LOB02,R04,2024-07-17,4194.62,false,2025-07-16
P004505,LOB04,R02,2023-01-13,2412.33,false,2024-01-12
P004506,LOB02,R02,2023-10-04,55313.79,false,2024-10-03
P004507,LOB04,R04,2023-07-31,13577.29,true,2024-07-30
P004508,LOB01,R01,2024-03-04,10743.7,false,2025-03-03
P004509,LOB01,R04,2023-07-13,11698.13,true,2024-07-12
P004510,LOB02,R03,2024-12-06,4193.1,true,2025-12-05
P004511,LOB01,R03,2023-08-07,6143.05,true,2024-08-06
P004512,LOB04,R02,2024-01-17,28169.58,true,2025-01-16
P004513,LOB01,R04,2023-03-31,14691.26,true,2024-03-30
P004514,LOB03,R03,2024-10-26,6259.41,false,2025-10-25
P004515,LOB01,R01,2024-10-27,4740.56,false,2025-10-26
P004516,LOB04,R03,2024-08-02,7263.26,true,2025-08-01
P004517,LOB02,R04,2023-09-14,8190.59,true,2024-09-13
P004518,LOB01,R01,2023-02-12,33843.01,true,2024-02-11
P004519,LOB01,R03,2024-06-03,8839.98,true,2025-06-02
P004520,LOB02,R01,2023-11-10,4847.75,true,2024-11-09
P004521,LOB04,R03,2024-12-23,9555.18,false,2025-12-22
P004522,LOB04,R04,2024-05-24,11598.18,false,2025-05-23
P004523,LOB02,R02,2024-01-29,4590.17,false,2025-01-28
P004524,LOB02,R01,2024-12-21,12598.08,false,2025-12-20
P004525,LOB01,R01,2024-08-07,20442.05,false,2025-08-06
P004526,LOB02,R03,2023-12-01,10755.83,true,2024-11-30
P004527,LOB02,R04,2023-01-14,6134.97,true,2024-01-13
P004528,LOB01,R02,2023-03-09,7206.06,true,2024-03-08
P004529,LOB03,R04,2023-11-20,3658.1,true,2024-11-19
P004530,LOB04,R02,2024-02-15,9133.45,false,2025-02-14
P004531,LOB01,R01,2023-01-23,11925.9,false,2024-01-22
P004532,LOB01,R03,2023-04-03,5779.2,false,2024-04-02
P004533,LOB01,R04,2024-05-29,31692.02,true,2025-05-28
P004534,LOB01,R02,2024-07-02,15920.58,true,2025-07-01
P004535,LOB01,R04,2023-01-22,3375.62,false,2024-01-21
P004536,LOB03,R03,2024-01-06,3417.42,true,2025-01-05
P004537,LOB01,R02,2023-03-01,5483.98,false,2024-02-29
P004538,LOB03,R03,2024-06-12,25435.76,true,2025-06-11
P004539,LOB04,R02,2024-08-31,16891.28,true,2025-08-30
P004540,LOB04,R01,2024-09-26,26218.68,true,2025-09-25
P004541,LOB03,R04,2024-03-12,9957.94,false,2025-03-11
P004542,LOB01,R02,2024-04-04,8728.13,true,2025-04-03
P004543,LOB01,R03,2024-11-07,4682.06,false,2025-11-06
P004544,LOB01,R03,2024-03-23,12207.56,true,2025-03-22
P004545,LOB04,R01,2023-11-22,8798.17,false,2024-11-21
P004546,LOB04,R03,2024-07-04,8597.24,false,2025-07-03
P004547,LOB02,R02,2024-03-07,26129.77,false,2025-03-06
P004548,LOB02,R03,2024-09-06,9174.59,true,2025-09-05
P004549,LOB02,R02,2024-01-19,21995.41,true,2025-01-18
P004550,LOB01,R04,2024-09-26,3816.75,false,2025-09-25
P004551,LOB04,R01,2023-02-02,49655.64,false,2024-02-01
P004552,LOB01,R01,2023-01-27,7911.22,true,2024-01-26
P004553,LOB02,R02,2023-03-14,15128.12,true,2024-03-13
P004554,LOB02,R01,2024-02-11,16643.31,true,2025-02-10
P004555,LOB01,R01,2024-06-01,7343.61,false,2025-05-31
P004556,LOB02,R03,2023-06-07,16178.17,true,2024-06-06
P004557,LOB04,R04,2023-04-24,16690.62,true,2024-04-23
P004558,LOB01,R03,2024-09-20,6451.79,true,2025-09-19
P004559,LOB02,R02,2024-07-01,6497.81,false,2025-06-30
P004560,LOB02,R04,2024-04-18,10169.86,false,2025-04-17
P004561,LOB01,R02,2023-12-23,9234.52,false,2024-12-22
P004562,LOB01,R01,2023-11-03,22831.08,false,2024-11-02
P004563,LOB01,R04,2023-01-15,15087.18,false,2024-01-14
P004564,LOB01,R03,2023-05-18,9487.65,true,2024-05-17
P004565,LOB02,R02,2024-10-16,14237.67,false,2025-10-15
P004566,LOB04,R03,2023-09-05,2898.67,true,2024-09-04
P004567,LOB03,R03,2024-05-29,6841.85,true,2025-05-28
P004568,LOB04,R01,2024-05-28,11762.74,false,2025-05-27
P004569,LOB02,R01,2023-08-14,19326.25,true,2024-08-13
P004570,LOB03,R03,2023-05-30,11157.44,false,2024-05-29
P004571,LOB03,R01,2024-05-19,23740.63,false,2025-05-18
P004572,LOB01,R03,2023-03-10,16659.97,true,2024-03-09
P004573,LOB02,R02,2023-12-28,7383.49,true,2024-12-27
P004574,LOB02,R01,2024-10-10,9099.56,false,2025-10-09
P004575,LOB03,R03,2024-06-03,12645.45,false,2025-06-02
P004576,LOB02,R02,2024-07-11,7561.45,false,2025-07-10
P004577,LOB01,R02,2023-03-02,24804.34,true,2024-03-01
P004578,LOB04,R01,2023-05-26,5088.63,false,2024-05-25
P004579,LOB01,R03,2023-07-20,11964.08,true,2024-07-19
P004580,LOB04,R04,2023-08-02,15386.84,true,2024-08-01
P004581,LOB04,R03,2023-05-22,8200.35,false,2024-05-21
P004582,LOB04,R01,2024-12-10,7163.26,true,2025-12-09
P004583,LOB03,R04,2023-05-01,9455.49,true,2024-04-30
P004584,LOB01,R01,2024-05-31,16110.06,true,2025-05-30
P004585,LOB03,R02,2024-03-04,7332.64,false,2025-03-03
P004586,LOB03,R01,2024-03-21,5211.63,false,2025-03-20
P004587,LOB03,R04,2023-06-06,19738.98,false,2024-06-05
P004588,LOB01,R01,2023-08-13,12576.41,true,2024-08-12
P004589,LOB01,R03,2024-03-18,18118.96,false,2025-03-17
P004590,LOB02,R01,2023-08-07,15608.94,false,2024-08-06
P004591,LOB02,R01,2024-05-21,36604.76,true,2025-05-20
P004592,LOB02,R03,2023-01-29,19321.68,true,2024-01-28
P004593,LOB04,R04,2023-02-23,6409.6,true,2024-02-22
P004594,LOB03,R01,2024-06-15,13123.51,false,2025-06-14
P004595,LOB03,R01,2024-03-26,7083.38,false,2025-03-25
P004596,LOB01,R02,2023-02-01,7536.58,true,2024-01-31
P004597,LOB02,R04,2024-10-18,4240.77,true,2025-10-17
P004598,LOB02,R01,2023-01-04,8335.94,false,2024-01-03
P004599,LOB01,R01,2024-11-28,13725.64,false,2025-11-27
P004600,LOB01,R02,2024-06-16,9512.74,true,2025-06-15
P004601,LOB02,R02,2024-12-22,5117.28,true,2025-12-21
P004602,LOB01,R01,2024-11-23,3968.68,false,2025-11-22
P004603,LOB02,R03,2023-08-17,35140.43,false,2024-08-16
P004604,LOB01,R03,2024-07-06,12029.25,false,2025-07-05
P004605,LOB01,R01,2023-06-03,6036.37,false,2024-06-02
P004606,LOB01,R03,2023-12-11,13056.87,false,2024-12-10
P004607,LOB03,R01,2023-06-25,36809.51,true,2024-06-24
P004608,LOB02,R03,2023-12-21,14361.09,true,2024-12-20
P004609,LOB02,R02,2024-09-28,1858.94,true,2025-09-27
P004610,LOB01,R01,2023-11-15,48599.82,false,2024-11-14
P004611,LOB04,R01,2023-03-09,3263.16,true,2024-03-08
P004612,LOB02,R04,2023-08-25,8746.36,true,2024-08-24
P004613,LOB03,R03,2024-07-28,5013.84,true,2025-07-27
P004614,LOB02,R03,2024-01-16,6348.66,false,2025-01-15
P004615,LOB04,R01,2024-02-13,11738.69,false,2025-02-12
P004616,LOB04,R01,2023-11-11,2856.6,true,2024-11-10
P004617,LOB02,R01,2023-08-02,9375.48,true,2024-08-01
P004618,LOB03,R02,2024-03-12,19700.62,false,2025-03-11
P004619,LOB01,R02,2024-04-07,5967.34,true,2025-04-06
P004620,LOB03,R04,2024-10-17,4297.67,false,2025-10-16
P004621,LOB02,R04,2024-03-26,9103.52,true,2025-03-25
P004622,LOB01,R02,2024-12-27,8078.77,false,2025-12-26
P004623,LOB04,R02,2024-08-26,6924.79,true,2025-08-25
P004624,LOB04,R02,2023-02-27,4851.25,false,2024-02-26
P004625,LOB01,R03,2023-10-14,13514.4,true,2024-10-13
P004626,LOB04,R03,2023-10-08,14145.59,true,2024-10-07
P004627,LOB02,R03,2023-01-03,5221.88,false,2024-01-02
P004628,LOB02,R01,2023-05-12,5673.99,false,2024-05-11
P004629,LOB04,R02,2024-07-10,10741.77,false,2025-07-09
P004630,LOB02,R04,2023-09-15,5547.02,false,2024-09-14
P004631,LOB02,R02,2023-04-18,11017.03,false,2024-04-17
P004632,LOB03,R01,2023-07-29,23880.75,false,2024-07-28
P004633,LOB01,R01,2023-07-20,9548.19,true,2024-07-19
P004634,LOB02,R01,2023-05-08,4778.25,false,2024-05-07
P004635,LOB02,R04,2023-03-15,12522.25,true,2024-03-14
P004636,LOB03,R01,2024-07-11,8896.45,true,2025-07-10
P004637,LOB01,R03,2024-08-24,9044.44,false,2025-08-23
P004638,LOB01,R02,2023-12-29,13163.38,true,2024-12-28
P004639,LOB03,R01,2024-03-25,14982.26,true,2025-03-24
P004640,LOB01,R04,2024-11-02,10110.21,true,2025-11-01
P004641,LOB02,R03,2024-09-07,9543.27,false,2025-09-06
P004642,LOB03,R04,2023-01-24,34136.58,false,2024-01-23
P004643,LOB03,R04,2024-11-26,20339.75,true,2025-11-25
P004644,LOB01,R04,2023-02-18,16319.69,true,2024-02-17
P004645,LOB04,R03,2023-01-20,10707.76,true,2024-01-19
P004646,LOB03,R03,2023-10-22,5412.97,true,2024-10-21
P004647,LOB02,R03,2024-06-28,19466.14,true,2025-06-27
P004648,LOB03,R02,2023-02-28,10792.17,true,2024-02-27
P004649,LOB03,R01,2023-08-02,7000.23,false,2024-08-01
P004650,LOB03,R02,2023-07-11,8553.67,false,2024-07-10
P004651,LOB02,R02,2023-10-18,5543.0,true,2024-10-17
P004652,LOB03,R01,2024-12-20,18664.85,true,2025-12-19
P004653,LOB04,R04,2023-08-30,14910.52,true,2024-08-29
P004654,LOB02,R04,2023-06-02,11036.68,true,2024-06-01
P004655,LOB04,R02,2023-03-31,9646.29,true,2024-03-30
P004656,LOB03,R02,2023-05-25,6578.74,false,2024-05-24
P004657,LOB04,R04,2023-04-08,2757.16,false,2024-04-07
P004658,LOB04,R02,2024-02-23,4239.68,false,2025-02-22
P004659,LOB01,R03,2023-11-03,6338.6,true,2024-11-02
P004660,LOB01,R03,2023-12-30,5791.93,false,2024-12-29
P004661,LOB02,R02,2024-08-30,11773.62,false,2025-08-29
P004662,LOB02,R04,2024-02-28,16105.18,true,2025-02-27
P004663,LOB02,R01,2023-04-24,9163.07,false,2024-04-23
P004664,LOB03,R01,2023-10-03,23048.37,true,2024-10-02
P004665,LOB04,R03,2023-08-17,6187.35,false,2024-08-16
P004666,LOB02,R03,2024-08-26,9124.13,true,2025-08-25
P004667,LOB03,R04,2023-08-13,9598.94,false,2024-08-12
P004668,LOB01,R03,2023-04-12,19059.33,true,2024-04-11
P004669,LOB02,R01,2024-06-21,10546.32,false,2025-06-20
P004670,LOB01,R04,2023-11-09,10722.95,false,2024-11-08
P004671,LOB02,R02,2023-03-11,3666.87,false,2024-03-10
P004672,LOB02,R01,2024-05-18,5767.86,false,2025-05-17
P004673,LOB03,R03,2023-06-03,19102.44,true,2024-06-02
P004674,LOB03,R01,2024-09-25,2849.2,false,2025-09-24
P004675,LOB02,R02,2024-08-30,22154.49,true,2025-08-29
P004676,LOB01,R02,2023-09-27,13357.04,false,2024-09-26
P004677,LOB01,R01,2024-02-10,6320.08,true,2025-02-09
P004678,LOB04,R04,2024-02-19,6007.54,false,2025-02-18
P004679,LOB04,R03,2024-04-22,30871.02,true,2025-04-21
P004680,LOB02,R04,2023-02-20,23082.81,false,2024-02-19
P004681,LOB01,R02,2023-08-26,9212.68,false,2024-08-25
P004682,LOB02,R03,2023-05-05,10729.53,true,2024-05-04
P004683,LOB03,R04,2024-05-24,6716.29,false,2025-05-23
P004684,LOB02,R01,2023-02-20,10730.77,true,2024-02-19
P004685,LOB01,R04,2024-01-13,6605.5,true,2025-01-12
P004686,LOB02,R01,2024-06-15,9441.54,true,2025-06-14
P004687,LOB01,R04,2024-11-23,29325.06,false,2025-11-22
P004688,LOB02,R03,2023-07-30,9345.33,false,2024-07-29
P004689,LOB01,R03,2023-01-06,5277.39,false,2024-01-05
P004690,LOB03,R01,2024-06-12,4359.78,true,2025-06-11
P004691,LOB02,R03,2023-01-02,10681.52,true,2024-01-01
P004692,LOB01,R03,2023-02-18,6269.57,false,2024-02-17
P004693,LOB02,R04,2024-12-24,11475.41,true,2025-12-23
P004694,LOB02,R04,2024-09-21,3745.45,false,2025-09-20
P004695,LOB03,R02,2024-05-31,14975.19,false,2025-05-30
P004696,LOB04,R02,2024-09-01,5239.08,true,2025-08-31
P004697,LOB01,R02,2023-02-25,10175.91,true,2024-02-24
P004698,LOB04,R02,2023-03-06,8078.96,false,2024-03-05
P004699,LOB03,R01,2023-08-08,27751.17,false,2024-08-07
P004700,LOB03,R01,2023-01-18,10969.71,false,2024-01-17
P004701,LOB02,R04,2024-10-10,31801.96,false,2025-10-09
P004702,LOB02,R02,2023-02-11,13855.61,true,2024-02-10
P004703,LOB01,R02,2024-02-02,23277.52,false,2025-02-01
P004704,LOB04,R03,2024-09-15,8731.75,false,2025-09-14
P004705,LOB03,R03,2024-06-20,12176.97,false,2025-06-19
P004706,LOB02,R02,2023-06-21,20561.72,false,2024-06-20
P004707,LOB02,R04,2023-12-10,17034.16,false,2024-12-09
P004708,LOB01,R01,2024-02-05,13610.49,true,2025-02-04
P004709,LOB01,R02,2024-07-14,8129.37,true,2025-07-13
P004710,LOB03,R01,2023-11-08,8997.79,false,2024-11-07
P004711,LOB02,R03,2023-07-28,19586.53,false,2024-07-27
P004712,LOB03,R01,2024-08-03,22193.32,false,2025-08-02
P004713,LOB03,R04,2024-10-09,6934.63,false,2025-10-08
P004714,LOB03,R03,2023-12-23,6334.36,true,2024-12-22
P004715,LOB04,R01,2023-01-21,5753.25,false,2024-01-20
P004716,LOB01,R03,2024-01-01,16282.08,false,2024-12-31
P004717,LOB03,R02,2024-10-11,5666.43,false,2025-10-10
P004718,LOB03,R03,2024-12-23,16164.33,false,2025-12-22
P004719,LOB01,R01,2023-10-20,13731.04,false,2024-10-19
P004720,LOB01,R03,2023-04-20,7136.27,false,2024-04-19
P004721,LOB01,R01,2024-02-22,25293.83,true,2025-02-21
P004722,LOB01,R01,2024-08-29,4116.03,false,2025-08-28
P004723,LOB02,R03,2024-11-20,26788.27,true,2025-11-19
P004724,LOB01,R03,2023-02-07,11984.05,true,2024-02-06
P004725,LOB03,R02,2023-08-01,2852.41,false,2024-07-31
P004726,LOB01,R01,2023-12-15,25722.66,false,2024-12-14
P004727,LOB01,R02,2023-03-13,17735.57,false,2024-03-12
P004728,LOB02,R04,2024-10-09,7654.68,true,2025-10-08
P004729,LOB01,R03,2023-03-23,5547.86,true,2024-03-22
P004730,LOB04,R01,2024-04-30,3860.53,false,2025-04-29
P004731,LOB02,R04,2024-11-01,42161.71,false,2025-10-31
P004732,LOB01,R02,2024-05-15,5687.19,false,2025-05-14
P004733,LOB01,R03,2024-07-11,4637.11,false,2025-07-10
P004734,LOB02,R01,2023-07-12,11623.12,false,2024-07-11
P004735,LOB03,R02,2024-08-27,3704.35,false,2025-08-26
P004736,LOB03,R04,2023-11-02,5492.13,true,2024-11-01
P004737,LOB02,R02,2023-02-14,17979.39,false,2024-02-13
P004738,LOB03,R01,2023-09-25,13075.9,false,2024-09-24
P004739,LOB02,R01,2023-09-13,7849.29,true,2024-09-12
P004740,LOB04,R04,2024-01-16,10006.44,false,2025-01-15
P004741,LOB02,R04,2023-07-13,7589.47,false,2024-07-12
P004742,LOB01,R01,2023-12-04,9535.73,true,2024-12-03
P004743,LOB03,R04,2023-11-09,6266.12,true,2024-11-08
P004744,LOB04,R04,2023-08-27,6987.35,false,2024-08-26
P004745,LOB02,R02,2024-05-23,6860.89,false,2025-05-22
P004746,LOB04,R03,2023-08-12,6402.75,false,2024-08-11
P004747,LOB04,R02,2024-07-13,18515.19,true,2025-07-12
P004748,LOB01,R01,2023-07-03,15710.28,false,2024-07-02
P004749,LOB03,R03,2024-09-23,5656.62,true,2025-09-22
P004750,LOB03,R01,2023-09-24,4833.68,true,2024-09-23
P004751,LOB02,R02,2023-01-30,9005.89,true,2024-01-29
P004752,LOB02,R02,2023-04-20,36068.41,false,2024-04-19
P004753,LOB04,R01,2024-08-11,5342.11,true,2025-08-10
P004754,LOB03,R04,2024-09-28,8984.58,true,2025-09-27
P004755,LOB02,R03,2023-06-04,10438.25,true,2024-06-03
P004756,LOB01,R04,2024-03-15,9272.56,false,2025-03-14
P004757,LOB02,R03,2024-02-24,7518.14,true,2025-02-23
P004758,LOB04,R01,2023-04-08,19792.29,true,2024-04-07
P004759,LOB03,R02,2023-11-26,12999.62,false,2024-11-25
P004760,LOB01,R02,2024-05-21,16440.17,false,2025-05-20
P004761,LOB04,R04,2024-12-07,14095.74,false,2025-12-06
P004762,LOB04,R01,2024-09-10,16921.99,false,2025-09-09
P004763,LOB02,R03,2023-03-13,25607.58,false,2024-03-12
P004764,LOB01,R01,2023-06-23,21996.23,false,2024-06-22
P004765,LOB02,R04,2023-11-15,39929.97,false,2024-11-14
P004766,LOB01,R03,2023-04-20,20545.66,false,2024-04-19
P004767,LOB02,R02,2024-02-21,6623.19,true,2025-02-20
P004768,LOB03,R02,2023-01-07,16455.04,true,2024-01-06
P004769,LOB04,R02,2023-03-24,15157.66,true,2024-03-23
P004770,LOB02,R01,2023-02-04,31325.16,true,2024-02-03
P004771,LOB04,R03,2023-08-04,5539.75,false,2024-08-03
P004772,LOB04,R04,2024-07-10,13832.42,true,2025-07-09
P004773,LOB01,R01,2023-05-10,6577.16,false,2024-05-09
P004774,LOB01,R03,2024-12-21,13460.67,false,2025-12-20
P004775,LOB03,R03,2023-07-16,8700.64,false,2024-07-15
P004776,LOB03,R04,2023-02-02,13196.16,true,2024-02-01
P004777,LOB02,R04,2023-09-02,4246.27,false,2024-09-01
P004778,LOB03,R01,2024-06-30,15929.63,true,2025-06-29
P004779,LOB03,R01,2023-03-19,11199.63,true,2024-03-18
P004780,LOB03,R04,2023-02-22,10843.44,true,2024-02-21
P004781,LOB03,R01,2024-09-12,31892.85,true,2025-09-11
P004782,LOB01,R03,2024-03-08,7867.61,false,2025-03-07
P004783,LOB01,R04,2023-09-08,12153.34,true,2024-09-07
P004784,LOB01,R03,2024-07-05,10510.84,false,2025-07-04
P004785,LOB04,R01,2024-09-08,11145.86,true,2025-09-07
P004786,LOB04,R01,2023-09-20,37537.0,false,2024-09-19
P004787,LOB03,R03,2024-02-14,10283.38,true,2025-02-13
P004788,LOB01,R04,2023-01-08,7041.89,false,2024-01-07
P004789,LOB02,R02,2023-08-12,30410.45,true,2024-08-11
P004790,LOB01,R03,2024-03-10,8228.73,false,2025-03-09
P004791,LOB02,R04,2023-05-24,3777.78,false,2024-05-23
P004792,LOB01,R04,2024-12-24,6345.45,false,2025-12-23
P004793,LOB04,R03,2024-12-09,4684.65,true,2025-12-08
P004794,LOB01,R03,2023-07-08,3361.09,false,2024-07-07
P004795,LOB03,R04,2023-10-17,7960.05,false,2024-10-16
P004796,LOB04,R04,2023-05-19,9488.83,false,2024-05-18
P004797,LOB03,R02,2024-01-03,20096.82,false,2025-01-02
P004798,LOB01,R03,2023-04-01,14438.32,false,2024-03-31
P004799,LOB04,R02,2023-10-13,14048.92,false,2024-10-12
P004800,LOB03,R04,2024-02-10,5791.08,false,2025-02-09
P004801,LOB02,R01,2024-03-22,16830.7,true,2025-03-21
P004802,LOB03,R01,2024-03-11,22805.11,true,2025-03-10
P004803,LOB04,R02,2023-06-11,12540.8,false,2024-06-10
P004804,LOB02,R01,2024-08-01,12752.86,false,2025-07-31
P004805,LOB02,R03,2024-05-19,4634.04,true,2025-05-18
P004806,LOB02,R03,2024-07-03,18632.48,true,2025-07-02
P004807,LOB01,R04,2023-12-08,28810.59,true,2024-12-07
P004808,LOB03,R03,2024-10-13,12013.32,true,2025-10-12
P004809,LOB01,R03,2023-10-12,6928.41,false,2024-10-11
P004810,LOB02,R03,2024-08-11,8980.43,false,2025-08-10
P004811,LOB02,R01,2023-05-29,7690.55,true,2024-05-28
P004812,LOB01,R03,2023-06-30,7972.32,true,2024-06-29
P004813,LOB02,R01,2024-01-20,14600.19,true,2025-01-19
P004814,LOB03,R03,2024-02-10,11703.91,false,2025-02-09
P004815,LOB02,R04,2024-06-28,18076.39,false,2025-06-27
P004816,LOB01,R04,2023-08-06,12363.97,true,2024-08-05
P004817,LOB04,R03,2024-09-29,5893.16,true,2025-09-28
P004818,LOB04,R02,2023-08-29,7328.93,false,2024-08-28
P004819,LOB02,R04,2024-01-25,7060.67,false,2025-01-24
P004820,LOB02,R04,2024-11-11,8849.52,false,2025-11-10
P004821,LOB01,R02,2024-01-29,29051.58,false,2025-01-28
P004822,LOB01,R01,2024-05-12,31982.36,false,2025-05-11
P004823,LOB02,R03,2024-10-25,16349.63,false,2025-10-24
P004824,LOB04,R03,2024-12-12,10628.12,false,2025-12-11
P004825,LOB03,R04,2023-12-31,4372.14,true,2024-12-30
P004826,LOB02,R04,2023-11-01,11293.75,true,2024-10-31
P004827,LOB04,R01,2023-05-24,6161.01,true,2024-05-23
P004828,LOB02,R02,2024-01-28,26326.02,false,2025-01-27
P004829,LOB01,R04,2024-11-01,3775.68,false,2025-10-31
P004830,LOB02,R02,2023-12-22,12465.13,true,2024-12-21
P004831,LOB01,R02,2023-09-12,5857.37,false,2024-09-11
P004832,LOB04,R02,2023-03-20,9840.79,false,2024-03-19
P004833,LOB02,R02,2023-10-12,14759.48,true,2024-10-11
P004834,LOB03,R03,2023-06-22,18273.03,false,2024-06-21
P004835,LOB02,R02,2024-12-14,9543.22,false,2025-12-13
P004836,LOB04,R02,2024-01-21,15626.6,true,2025-01-20
P004837,LOB03,R02,2023-04-11,6650.97,false,2024-04-10
P004838,LOB02,R01,2023-02-19,11468.08,true,2024-02-18
P004839,LOB01,R04,2024-09-13,18057.65,false,2025-09-12
P004840,LOB04,R04,2024-11-10,12079.43,false,2025-11-09
P004841,LOB02,R02,2024-07-10,7204.01,false,2025-07-09
P004842,LOB01,R01,2023-04-01,8371.38,false,2024-03-31
P004843,LOB04,R03,2023-03-13,18203.95,true,2024-03-12
P004844,LOB01,R03,2023-05-25,5140.44,true,2024-05-24
P004845,LOB02,R03,2024-07-02,5616.2,false,2025-07-01
P004846,LOB02,R03,2024-07-12,14199.38,true,2025-07-11
P004847,LOB02,R03,2024-09-03,7604.64,false,2025-09-02
P004848,LOB02,R01,2023-03-12,4138.82,true,2024-03-11
P004849,LOB01,R01,2023-04-22,22258.77,true,2024-04-21
P004850,LOB01,R01,2024-10-19,5116.57,false,2025-10-18
P004851,LOB01,R01,2024-11-08,8780.97,false,2025-11-07
P004852,LOB01,R04,2024-06-13,6824.59,false,2025-06-12
P004853,LOB04,R03,2023-03-19,8278.28,false,2024-03-18
P004854,LOB02,R03,2023-02-20,5821.01,true,2024-02-19
P004855,LOB02,R03,2023-02-10,15192.66,false,2024-02-09
P004856,LOB02,R01,2024-05-20,10577.6,false,2025-05-19
P004857,LOB03,R01,2024-09-09,17857.74,false,2025-09-08
P004858,LOB01,R04,2024-04-06,6867.11,true,2025-04-05
P004859,LOB01,R02,2023-07-11,35589.75,false,2024-07-10
P004860,LOB03,R03,2024-07-06,3156.47,true,2025-07-05
P004861,LOB02,R04,2023-02-13,3823.49,false,2024-02-12
P004862,LOB03,R01,2024-08-27,28334.94,true,2025-08-26
P004863,LOB04,R04,2024-10-13,13153.26,false,2025-10-12
P004864,LOB04,R03,2024-06-08,12146.93,false,2025-06-07
P004865,LOB01,R02,2024-10-03,12820.04,false,2025-10-02
P004866,LOB01,R02,2024-03-03,13942.88,false,2025-03-02
P004867,LOB01,R01,2023-12-08,11847.36,false,2024-12-07
P004868,LOB03,R01,2023-08-24,5543.92,true,2024-08-23
P004869,LOB04,R01,2024-11-03,16170.03,false,2025-11-02
P004870,LOB04,R04,2024-05-24,14711.83,false,2025-05-23
P004871,LOB01,R01,2023-05-20,23319.81,true,2024-05-19
P004872,LOB04,R02,2024-11-29,28525.24,true,2025-11-28
P004873,LOB02,R01,2023-02-13,12067.67,false,2024-02-12
P004874,LOB04,R02,2024-03-04,4738.47,true,2025-03-03
P004875,LOB02,R01,2023-05-20,28667.34,false,2024-05-19
P004876,LOB01,R02,2024-04-29,5372.83,false,2025-04-28
P004877,LOB01,R03,2023-10-29,12122.02,false,2024-10-28
P004878,LOB04,R04,2023-11-16,8484.19,true,2024-11-15
P004879,LOB02,R02,2024-05-05,7643.61,true,2025-05-04
P004880,LOB02,R03,2024-07-05,15655.54,false,2025-07-04
P004881,LOB02,R03,2023-10-05,11460.66,true,2024-10-04
P004882,LOB02,R04,2024-12-29,13466.29,false,2025-12-28
P004883,LOB04,R04,2023-12-30,6066.81,true,2024-12-29
P004884,LOB01,R01,2023-04-28,8915.57,true,2024-04-27
P004885,LOB01,R03,2023-01-05,6237.15,false,2024-01-04
P004886,LOB03,R04,2023-05-28,8782.86,true,2024-05-27
P004887,LOB02,R02,2024-05-19,9216.43,false,2025-05-18
P004888,LOB01,R03,2024-01-29,29928.98,false,2025-01-28
P004889,LOB01,R02,2023-09-04,8470.69,false,2024-09-03
P004890,LOB01,R02,2023-12-18,2764.57,false,2024-12-17
P004891,LOB01,R01,2024-09-03,22857.97,true,2025-09-02
P004892,LOB01,R01,2024-02-22,12959.13,true,2025-02-21
P004893,LOB01,R03,2023-02-12,9148.94,false,2024-02-11
P004894,LOB03,R04,2023-02-05,7613.44,true,2024-02-04
P004895,LOB04,R03,2023-12-18,5607.41,true,2024-12-17
P004896,LOB04,R01,2023-10-23,31660.62,true,2024-10-22
P004897,LOB02,R01,2024-09-12,10209.84,false,2025-09-11
P004898,LOB02,R03,2024-03-01,3488.93,true,2025-02-28
P004899,LOB04,R01,2024-07-06,12047.88,true,2025-07-05
P004900,LOB03,R03,2024-03-03,20408.42,false,2025-03-02
P004901,LOB02,R04,2023-09-10,10871.07,false,2024-09-09
P004902,LOB01,R01,2024-04-24,5762.02,true,2025-04-23
P004903,LOB02,R03,2024-03-29,5460.83,false,2025-03-28
P004904,LOB02,R04,2024-06-09,5707.91,false,2025-06-08
P004905,LOB02,R02,2023-05-19,24661.41,true,2024-05-18
P004906,LOB01,R04,2024-04-13,9480.59,true,2025-04-12
P004907,LOB04,R04,2023-07-28,3614.7,true,2024-07-27
P004908,LOB02,R02,2024-07-30,12462.51,true,2025-07-29
P004909,LOB02,R02,2024-08-05,10771.1,false,2025-08-04
P004910,LOB01,R03,2024-04-01,7560.27,true,2025-03-31
P004911,LOB03,R03,2024-11-22,5365.56,false,2025-11-21
P004912,LOB03,R02,2024-01-28,5227.37,true,2025-01-27
P004913,LOB01,R01,2023-01-19,18995.94,true,2024-01-18
P004914,LOB02,R03,2024-03-18,11481.68,false,2025-03-17
P004915,LOB03,R01,2024-07-21,13189.63,false,2025-07-20
P004916,LOB04,R01,2023-03-15,11462.72,true,2024-03-14
P004917,LOB01,R01,2023-03-18,12047.51,true,2024-03-17
P004918,LOB04,R02,2023-07-19,7472.34,false,2024-07-18
P004919,LOB02,R01,2024-09-08,8747.32,true,2025-09-07
P004920,LOB01,R02,2024-01-21,19909.4,false,2025-01-20
P004921,LOB01,R01,2024-12-13,23126.96,false,2025-12-12
P004922,LOB01,R02,2024-09-29,4754.02,true,2025-09-28
P004923,LOB01,R04,2024-02-10,8734.58,false,2025-02-09
P004924,LOB02,R02,2024-05-10,16375.99,true,2025-05-09
P004925,LOB03,R03,2023-08-30,30615.08,false,2024-08-29
P004926,LOB01,R01,2023-03-07,28830.11,false,2024-03-06
P004927,LOB04,R01,2023-10-19,6139.79,false,2024-10-18
P004928,LOB01,R04,2024-03-08,21269.46,false,2025-03-07
P004929,LOB02,R03,2023-05-14,10251.53,false,2024-05-13
P004930,LOB04,R01,2023-06-11,18520.81,true,2024-06-10
P004931,LOB04,R03,2023-01-11,15882.41,true,2024-01-10
P004932,LOB03,R01,2024-06-19,4636.07,true,2025-06-18
P004933,LOB03,R01,2024-10-18,13766.38,false,2025-10-17
P004934,LOB01,R02,2024-08-27,18095.49,false,2025-08-26
P004935,LOB01,R03,2023-10-05,9778.16,false,2024-10-04
P004936,LOB02,R03,2024-03-09,8537.39,false,2025-03-08
P004937,LOB01,R04,2024-12-02,3854.52,true,2025-12-01
P004938,LOB02,R01,2024-03-07,14915.71,true,2025-03-06
P004939,LOB01,R01,2023-08-04,11217.71,true,2024-08-03
P004940,LOB04,R03,2023-09-05,5691.28,false,2024-09-04
P004941,LOB04,R04,2024-06-14,8139.6,true,2025-06-13
P004942,LOB04,R03,2023-11-22,10858.48,true,2024-11-21
P004943,LOB03,R03,2024-09-03,7078.51,true,2025-09-02
P004944,LOB01,R01,2024-09-22,9913.04,false,2025-09-21
P004945,LOB01,R04,2023-01-27,3463.52,true,2024-01-26
P004946,LOB03,R04,2024-06-12,22240.12,false,2025-06-11
P004947,LOB03,R03,2023-09-28,9992.06,true,2024-09-27
P004948,LOB02,R02,2024-01-15,5117.33,true,2025-01-14
P004949,LOB02,R03,2023-07-13,2262.38,false,2024-07-12
P004950,LOB02,R03,2023-09-26,18351.76,false,2024-09-25
P004951,LOB01,R04,2023-08-30,13833.59,false,2024-08-29
P004952,LOB02,R01,2023-02-06,11230.76,true,2024-02-05
P004953,LOB02,R03,2024-07-25,16617.12,false,2025-07-24
P004954,LOB03,R03,2023-04-15,16589.73,false,2024-04-14
P004955,LOB04,R02,2023-10-02,11121.8,false,2024-10-01
P004956,LOB02,R04,2023-05-21,8497.03,true,2024-05-20
P004957,LOB03,R01,2023-04-28,7705.7,true,2024-04-27
P004958,LOB04,R01,2023-09-30,12740.81,true,2024-09-29
P004959,LOB01,R04,2024-11-01,22884.59,false,2025-10-31
P004960,LOB03,R01,2024-11-20,9304.54,false,2025-11-19
P004961,LOB02,R02,2023-10-06,24001.86,false,2024-10-05
P004962,LOB02,R02,2024-01-04,12380.67,true,2025-01-03
P004963,LOB01,R03,2024-12-20,12436.79,true,2025-12-19
P004964,LOB04,R01,2023-06-21,41901.03,true,2024-06-20
P004965,LOB04,R02,2024-11-20,26678.33,false,2025-11-19
P004966,LOB01,R04,2023-03-19,27096.65,true,2024-03-18
P004967,LOB01,R02,2023-06-14,6132.95,true,2024-06-13
P004968,LOB01,R03,2023-09-04,36875.75,true,2024-09-03
P004969,LOB03,R04,2023-01-28,9420.75,true,2024-01-27
P004970,LOB02,R03,2024-08-18,8634.36,false,2025-08-17
P004971,LOB01,R04,2024-09-16,2709.31,true,2025-09-15
P004972,LOB04,R04,2023-10-07,12037.41,false,2024-10-06
P004973,LOB02,R03,2024-09-02,5166.69,false,2025-09-01
P004974,LOB02,R04,2024-07-17,12644.18,false,2025-07-16
P004975,LOB02,R03,2024-08-08,4929.84,false,2025-08-07
P004976,LOB02,R04,2024-08-08,29103.68,false,2025-08-07
P004977,LOB02,R03,2024-02-23,13779.6,false,2025-02-22
P004978,LOB01,R02,2023-03-22,38867.86,true,2024-03-21
P004979,LOB02,R03,2024-11-05,5357.14,false,2025-11-04
P004980,LOB04,R02,2024-03-20,25072.01,true,2025-03-19
P004981,LOB02,R02,2024-10-19,3355.56,true,2025-10-18
P004982,LOB04,R02,2024-12-01,11213.18,true,2025-11-30
P004983,LOB02,R02,2023-05-17,6775.21,false,2024-05-16
P004984,LOB03,R02,2023-10-21,7564.53,true,2024-10-20
P004985,LOB01,R03,2023-05-21,7259.76,true,2024-05-20
P004986,LOB03,R02,2023-02-07,5716.83,true,2024-02-06
P004987,LOB01,R02,2024-12-06,4647.98,true,2025-12-05
P004988,LOB01,R01,2024-11-05,7589.67,true,2025-11-04
P004989,LOB01,R02,2024-11-11,10610.69,false,2025-11-10
P004990,LOB01,R02,2024-10-07,19894.86,true,2025-10-06
P004991,LOB04,R04,2024-04-18,11816.0,false,2025-04-17
P004992,LOB04,R02,2024-01-17,19928.86,false,2025-01-16
P004993,LOB03,R01,2024-12-24,4076.91,false,2025-12-23
P004994,LOB01,R02,2024-02-08,7632.86,false,2025-02-07
P004995,LOB04,R03,2024-04-13,15162.84,true,2025-04-12
P004996,LOB03,R01,2023-06-04,12160.09,false,2024-06-03
P004997,LOB02,R01,2024-06-29,5903.47,true,2025-06-28
P004998,LOB02,R02,2024-08-21,17334.28,true,2025-08-20
P004999,LOB03,R02,2024-05-10,7195.68,true,2025-05-09
P005000,LOB01,R02,2023-12-30,6207.92,false,2024-12-29
